cui,name
54760,COMPANIA DE APA ORADEA SA
63483,ORADEA TRANSPORT LOCAL SA
73452,REGIA AUTONOMA AEROPORTUL ORADEA
199206,CLUJANA SA
201195,COMPANIA DE TRANSPORT PUBLIC CLUJ NAPOCA S.A.
201217,COMPANIA DE APA SOMES SA
201233,REGIA AUTONOMA A DOMENIULUI PUBLIC CLUJ NAPOCA RA
201250,DOMENIUL PUBLIC TURDA SA
201330,TERMOFICARE NAPOCA S.A.
201357,TRANSURB SA
202344,TRANSIM SA
227969,ADMINISTRAREA DOMENIULUI PUBLIC GHERLA SA
257293,UNIVERS T SA
338819,SOCIETATEA COMERCIALA STUDIOUL CINEMATOGRAFIC ANIMAFILM SA
340312,IOR SA
360557,EUROTEST SA
361358,CRIZANTEMA COM SA
427282,MONITORUL OFICIAL RA
427410,COMPANIA NATIONALA POSTA ROMANA SA
457747,IPROCHIM SA
459853,INSTITUTUL DE CERCETARI METALURGICE SA
472771,ROMTEHNICA RA
477647,COMPANIA NATIONALA DE TRANSPORTURI AERIENE ROMANE TAROM SA
496401,AGROPRODCOM LAZAREA SA
524277,AGROPRODCOM ODORHEIU SECUIESC SA
555397,MULTI-TRANS SA
566787,AQUABIS SA
642787,AEROPORTUL SATU MARE RA
713454,AEROPORTUL ŞTEFAN CEL MARE SUCEAVA RA
713519,ACET SA
789401,TURSIB SA
938970,REGIA AUTONOMA PENTRU PRODUCTIA DE TEHNICA MILITARA  UZINA AUTOMECANICA MORENI SUCURSALA
1074251,AGROMEC MOLDOVA NOUA SA
1096128,COMPANIA APA BRASOV SA
1102556,RATBV S.A.
1107650,RIAL SRL
1129209,SERVICII SĂCELENE SRL
1132930,IAR SA
1154822,PIETE TIRGURI SI OBOARE SA
1219301,TRANSPORT LOCAL SA
1225869,APĂ TERMIC TRANSPORT SA
1234735,RAGCL SA
1284717,COMPANIA NATIONALA ADMINISTRATIA PORTURILOR DUNARII FLUVIALE SA
1343872,REGIA AUTONOMĂ DE SERVICII PUBLICE PLOIEŞTI RA
1350020,CONPET SA
1355770,TRANSPORT CĂLĂTORI EXPRESS S.A.
1356295,HALE SI PIETE SA
1384767,COMALEX SA
1443170,COMPANIA DE UTILITATI PUBLICE SA
1458627,ILGO S.R.L.
1517006,LOCTRANS SA
1573170,BIROUL DE TURISM PENTRU TINERET (B.T.T.) SA
1576401,ROMAERO SA
1589886,SOCIETATEA DE TRANSPORT BUCUREŞTI STB S.A.
1589932,ADMINISTRATIA ROMANA A SERVICIILOR DE TRAFIC AERIAN ROMATSA RA
1589983,EDITURA DIDACTICA SI PEDAGOGICA RA
1590040,SOCIETATEA NATIONALA A APELOR MINERALE SA
1590090,REGIA GENERALA DE APA BUCURESTI RA
1590120,REGIA NATIONALA A PADURILOR ROMSILVA RA
1590236,REGISTRUL AUTO ROMAN RA
1590430,REGIA AUTONOMA A SARII RA
1605884,SECOM SA
1644670,REGIA AUTONOMĂ ”ADMINISTRAȚIA FLUVIALĂ A DUNĂRII DE JOS” GALAȚI
1680258,GOSPODARIREA COMUNALA ARAD SA
1683483,COMPANIA DE APĂ ARAD SA
1708600,COMPANIA DE TRANSPORT PUBLIC SA
1755482,APA-CTTA SA
1769224,COMPANIA NAŢIONALĂ ROMARM S.A. BUCUREŞTI FILIALA SOCIETATEA UZINA MECANICĂ CUGIR S.A.
1816890,HORTICULTURA SA
1875349,CONFORT URBAN SRL
1883902,CT BUS S.A.
1890420,RAJA SA
1890659,MAMAIA SA
1923799,PISCICOLA CALARASI S.A.
1959768,APAVITAL SA
1960487,TRIMEC SA
1973096,ANTIBIOTICE SA
1973568,RECONS SA
2117946,COMPANIA NATIONALA A CUPRULUI AURULUI SI FIERULUI 'MINVEST' SA
2315129,R.A.T. SRL
2326144,AVIOANE CRAIOVA SA
2351555,ADMINISTRATIA PATRIMONIULUI PROTOCOLULUI DE STAT RA
2410163,OIL TERMINAL SA
2413593,SANTIERUL NAVAL 2 MAI SA
2423562,NEPTUN-OLIMP SA
2487361,PIETE SA
2490570,SOCIETATEA DE TRANSPORT PUBLIC TIMISOARA S.A.
2507922,TRANSPORT MIXT FAGETEANA SA
2509478,ROMSTRAND SA
2563140,SERVICII COMUNALE SA
2577146,AEROPORTUL INTERNAŢIONAL SIBIU RA
2647128,"REGIA AUTONOMĂ AEROPORTUL ""DELTA DUNĂRII"" TULCEA RA"
2653243,DRUMURI ŞI PODURI SA
2684932,URBANA SA
2684940,APĂ CANAL SIBIU S.A.
2746784,ADMINISTRATIA FONDULUI IMOBILIAR S.R.L.
2779625,IMPRIMERIA NATIONALA RA
2882425,AEROPORTUL INTERNAȚIONAL AVRAM IANCU CLUJ RA
2944544,AEROPORTUL INTERNAŢIONAL MARAMUREŞ RA
2978636,RA RATMIL UZINA MECANICA MIJA SUCURSALA
3041480,AQUATIM SA
3053425,ADMINISTRATIA ZONEI LIBERE SULINA RA
3180070,"SOCIETATEA COMERCIALA ""ARSENAL"" FILIALA COMPANIEI NATIONALE ""ROMARM"" SA SUCURSALA DRAGOMIRESTI"
3186960,ACTIVITATEA GOSCOM SA
3286536,DRUMURI MUNICIPALE TIMISOARA SA
3730549,"INSTITUTUL DE CERCETARE STIINTIFICA, INGINERIE TEHNOLOGICA SI PROIECTARE MINE PE LIGNIT SA"
4145349,DRUPO NEAMT SA
4276000,AEROPORTUL TG.MURES RA
4278841,"AEROPORTUL INTERNAŢIONAL ""GEORGE ENESCU"" BACĂU RA"
4282451,INSTITUTUL DE CERCETARI IN TRANSPORTURI INCERTRANS SA
4330648,"COMPANIA NATIONALA A CUPRULUI,AURULUI SI FIERULUI ""MINVEST"" DEVA FILIALA ""ROSIAMIN"" ROSIA MONTANA SA"
4331392,DRUMURI SI PODURI LOCALE ALBA SA
4475150,B.T.T.PERLA COSTINESTIULUI SA
5205651,AUTORITATEA AERONAUTICA CIVILA ROMANA RA
5752187,AEROPORTUL ARAD SA
5796752,ADMINISTRATIA ZONEI LIBERE GALATI RA
5799643,TERMO - CONSTRUCT SA
6088916,ADMINISTRATIA ZONEI LIBERE BRAILA RA
7028793,DRUMURI SI PODURI COVASNA SA
7061781,RASIROM RA
7158440,URBIS SERV SRL
7179966,COMPANIA DE UTILITATI PUBLICE DUNAREA BRAILA SA
7283303,PEISAJ HOSTA SRL
7392416,APA SERV VALEA JIULUI SA
7401263,SOLCETA SA
7403230,REGIA AUTONOMA DE ADMINISTRARE A DOMENIULUI PUBLIC SI A FONDULUI LOCATIV RA CRAIOVA
7416957,GOSPODARIE COMUNALA TUSNAD SRL
7453653,TRANSLOC SA
7613398,TROLEIBUZUL SA
7796899,REGIA AUTONOMA JUDETEANA DE DRUMURI SI PODURI VALCEA RA
7850009,GOS-TRANS-COM SRL
7933821,ALTITUDINEA 1040 PREDEAL SRL
7997507,ADMINISTRAŢIA DOMENIULUI PUBLIC SA
8145406,"TIRGURI, OBOARE SI PIETE SA"
8189348,RECONS SA
8274621,ADMINISTRAŢIA DOMENIULUI PUBLIC BEIUŞ S.A.
8334634,SALUBRI SA
8510382,GOSP-COM SRL
8574327,GOSPODARIE COMUNALA SA SFANTU GHEORGHE
8670570,TEGA SA
8915831,MICROSOFT ROMANIA SRL
8941369,ADMINISTRATIA ZONEI LIBERE GIURGIU SA
9126534,PUBLISERV S.A.
9444597,GOSPODARIE COMUNALA SANSIMION SRL
9671409,AEROPORTUL IASI RA
9710087,VITAL SA
9735812,MEDITUR SA
9743424,MEYRIN SANMARTIN SRL
9825567,ROFERSPED SA
9845831,CIVITAS COM SRL
9922624,GOSCOM CETATEA RASNOV SA
9966140,SALUBRITAS SA
10020943,ADMINISTRAREA DOMENIULUI PUBLIC BUCURESTI (A.D.P.B.) SA
10084149,COMPANIA DE APA TARGOVISTE-DAMBOVITA SA
10099760,TRANSPORT PUBLIC SA
10138656,GOSCOM SA
10152871,TRANSPORT URBAN DE CALATORI SA
10152880,ACVATERM SA
10250004,URBIS SA
10300854,REGIA AUTONOMĂ AEROPORTUL INTERNAȚIONAL CRAIOVA
10470956,SOCIETATE PENTRU LUCRĂRI DE DRUMURI ȘI PODURI REISER  S.A.
10481211,ACATERM SA
10524177,ETA SA
10597853,BRAICAR SA
10622337,TRANS BUS SA
10625635,ECO SA
10631629,DRUMURI SI PODURI SA
10638988,LUCRARI DRUMURI SI PODURI DAMBOVITA SA
10639878,SOCIETATEA PENTRU LUCRARI DE DRUMURI SI PODURI DOLJ S.A.
10644513,TRANSPORT PUBLIC SA
10682703,TRANSLOC SA
10683385,TRANSURBIS SA
10688510,TRANSPORT MARA NORD SA
10755066,LOCATIV SA
10755074,COMPANIA AQUASERV SA
10783082,DRUMURI-PODURI MARAMURES SA
10843605,ADMINISTRATIA PIETELOR AGROALIMENTARE SA
10863041,ELTRANS SA
10863076,URBAN SERV SA
10863084,LOCATIVA SA
10874881,"SOCIETATEA NATIONALA ""NUCLEARELECTRICA"" SA"
10881110,OLT DRUM SA
10881986,SOCIETATEA NATIONALA DE RADIOCOMUNICATII SA
10887008,TRACUM SA
10890801,TRANSURB SA
10946600,S.C. LUCRĂRI DRUMURI ŞI PODURI SA VASLUI
11054529,"COMPANIA NATIONALA DE CAI FERATE ""CFR"" SA"
11054537,"SOCIETATEA NATIONALA DE TRANSPORT FEROVIAR DE MARFA ""CFR - MARFA"" SA"
11054545,SOCIETATEA NATIONALA DE TRANSPORT FEROVIAR DE CALATORI - CFR - CALATORI SA
11059950,"SOCIETATEA DE ADMINISTRARE ACTIVE FEROVIARE ""S.A.A.F."" SA"
11062831,"COMPANIA NAŢIONALĂ ""ADMINISTRAŢIA PORTURILOR MARITIME"" - S.A.CONSTANŢA"
11086130,URBANA SA
11087755,COMPANIA NAŢIONALĂ ADMINISTRAŢIA CANALELOR NAVIGABILE SA
11121504,ORADEA EXPRES HOTEL SRL
11178217,"SOCIETATEA NAŢIONALĂ ""AEROPORTUL INTERNAŢIONAL TIMIŞOARA-TRAIAN VUIA-"" SA"
11193209,RUWATIM SMDP SRL
11212645,"SOCIETATEA NAŢIONALĂ ""AEROPORTUL INTERNAŢIONAL MIHAIL KOGĂLNICEANU-CONSTANŢA"" SA"
11316859,URBAN SA
11339135,AQUATERM AG 98 SA
11339178,EDILUL C.G.A. SA
11369861,ARCADIA 2000 SA
11400673,COMPANIA DE APA OLTENIA SA
11551757,CUPRU MIN SA ABRUD
11573879,SERVICE CICLOP SA
11584282,GOSPODARIRE COMUNALA TINCA SA
11653560,COMPANIA NATIONALA UNIFARM SA
11672708,ADMINISTRATIA NATIONALA DE METEOROLOGIE RA
11711424,TRANSURB SA
11711432,GOSCOM VASLUI SA
11766640,DRUMURI ŞI PODURI SA
11766659,GOSPODĂRIRE ORĂȘENEASCĂ AVRIG S.R.L.
11776466,COMPANIA NAŢIONALĂ ADMINISTRAŢIA PORTURILOR DUNĂRII MARITIME SA
11940770,PARC-TURISM SA
11945506,SOCIETATEA NATIONALA PLAFAR SA
11961641,"REGIA AUTONOMA ""ADMINISTRATIA ZONEI LIBERE"" CURTICI - ARAD RA"
12130683,TRANSBUS SA
12331610,LOCADIN SA
12397185,"COMPANIA NATIONALA ""LOTERIA ROMANA"" SA"
12530884,STATIUNEA OGLINZI SA
12649037,CONS PRIFAD SRL
12661090,PARKING SA
13008995,PUBLITRANS 2000 SA
13009001,APA-CANAL 2000 SA
13031718,SALUBRITATE 2000 SA
13068733,SOCIETATEA NAŢIONALĂ DE TRANSPORT GAZE NATURALE TRANSGAZ SA
13174912,EXPLOCONSTRUCT SRL
13267213,"SOCIETATEA DE PRODUCERE A ENERGIEI ELECTRICE IN HIDROCENTRALE "" HIDROELECTRICA"" S.A."
13278352,"OPERATORUL PIEŢEI DE ENERGIE ELECTRICĂ ŞI DE GAZE NATURALE ""OPCOM"" S.A."
13328043,"COMPANIA NATIONALA DE TRANSPORT AL ENERGIEI ELECTRICE ""TRANSELECTRICA"" SA"
13462877,CENTRUL DE AFACERI FLANDRA-VALCEA SA
13554423,COMPANIA NATIONALA ROMARM SA
13652413,SOCIETATEA ”TOHAN” S.A. FILIALĂ A COMPANIEI NAŢIONALE ”ROMARM”  S.A.
13658823,PALAT JUD SRL
13741804,UZINA MECANICA PLOPENI SA
13863739,METROREX SA
13914972,UZINA DE AGENT TERMIC ŞI ALIMENTARE CU APĂ MOTRU SA
13945863,COMPANIA NATIONALA ROMARM SA BUCURESTI FILIALA SOCIETATEA CARFIL S.A.
14001286,ADMINISTRARE ŞI EXPLOATARE A PATRIMONIULUI ŞI SERVICIILOR DE UTILITĂŢI PUBLICE ARGEŞ SA
14004916,OVI-PRESTCON SRL
14056826,"SOCIETATEA NATIONALA DE GAZE NATURALE "" ROMGAZ "" SA"
14071095,APA PROD SA
14134878,TERMO-SERVICE SA
14232728,"SOCIETATEA PENTRU SERVICII DE MENTENANTA A RETELEI ELECTRICE DE TRANSPORT ""SMART"" S.A."
14257595,SOCIETATEA DE REPARATII LOCOMOTIVE C.F.R.- S.C.R.L. BRASOV S.A.
14271549,COMPANIA NATIONALA A CUPRULUI AURULUI SI FIERULUI MINVEST SA DEVA FILIALA CERTEJ SA
14273221,"COMPANIA NATIONALA DE INVESTITII ""C.N.I."" SA"
14300920,SOCIETATEA INTRETINERE SI REPARATII LOCOMOTIVE SI UTILAJE - C.F.R. IRLU S.A.
14322197,SOCIETATEA BĂIŢA S.A.
14325290,ŞANTIERUL NAVAL MANGALIA SA
14325363,MIDIA GREEN ENERGY S.A.
14334078,PRAHOVA INDUSTRIAL PARC SA
14343629,TETAROM SA
14361269,ELECTROMECANICA PLOIESTI SA
14366231,ARSENAL-RESITA SA FILIALA A COMPANIEI NATIONALE ROMARM SA
14373832,"SOCIETATEA ""UZINA MECANICĂ SADU"" SA FILIALA A COMPANIEI NAŢIONALE ""ROMARM""   S.A."
14377605,PARCURI INDUSTRIALE SIBIU - ŞURA MICĂ SA
14380546,PLOIESTI INDUSTRIAL PARC SA
14423850,"COMPANIA NATIONALA ""ROMARM"" FILIALA UZINA MECANICA BUCURESTI SA"
14469423,PIROCHIM VICTORIA SA
14512191,MORENI PARC INDUSTRIAL SA
14529126,FORMENERG - S.A.
14531223,COMPANIA NATIONALA ROMARM S.A. FILIALA SOCIETATEA METROM S.A.
14543228,PARC INDUSTRIAL SRL
14547106,SOCIETATEA TIPOGRAFICĂ FILARET S.A.
14665500,TOTUL VERDE. S.A.
14685770,SERVICIUL TRANSPORT VOLUNTARI S.A.
14717383,GIROCEANA SRL
14749814,CONS MANAGEMENT PARC DE SOFT SRL
14781823,COMPANIA DE SERVICII PUBLICE ŞI ENERGII REGENERABILE PRAHOVA S.A.
14814475,MEDSERV MIN SA
14814483,MINPREST SERV SA
14816433,SALUBRIS SA
14891753,SALCO SERV SA
14893410,Grup Exploatare si Intretinere Palat C.F.R. SA
14923006,CONVERSMIN SA
14963620,PARCUL INDUSTRIAL CUGIR SA
14966210,INFORMATICA FEROVIARA SA
15018316,PARC INDUSTRIAL SRL
15034095,Telecomunicatii C.F.R. SA
15061510,"SOCIETATEA PENTRU SERVICII DE TELECOMUNICAŢII ŞI TEHNOLOGIA INFORMAŢIEI ÎN REŢELE ELECTRICE DE TRANSPORT""TELETRANS"" S.A."
15189596,ELECTROCENTRALE BUCURESTI SA
15201924,PLOPENI INDUSTRIAL PARC SA
15339073,INDUSTRIAL PARC SRL
15346437,COMPANIA JUDETEANA APA SERV SA
15349689,PARC INDUSTRIAL MURES SA
15400994,PARC INDUSTRIAL GORJ SA
15464254,HIDRO-SAL COM SRL
15551423,TELEGONDOLA-MAMAIA SRL
15643101,PRIMAS SRL
15657042,UZINA MECANICA ORASTIE SA
15691834,TR ADMINISTRARE IMOBILE SRL
15786039,CARFIL INDUSTRIAL PARC SA
15786047,METROM INDUSTRIAL PARC SA
15811175,CET GRIVITA S.A.
15946407,CITADIN SA
15955049,RACHITOVEANA SRL
15989092,ADMINISTRAREA PARCULUI INDUSTRIAL MANGALIA SRL
16041457,OCOLUL SILVIC SEBEŞ RA
16054368,COMPANIA NAŢIONALĂ DE ADMINISTRARE A INFRASTRUCTURII RUTIERE S.A.
16067546,OCOLUL SILVIC CORMAIA ANIES RA
16086688,PREST SERV PATIRLAGELE SRL
16181981,OCOLUL SILVIC SAPCEA CUGIR RA
16184414,ROMFILATELIA SA
16217287,GLOBAL MEDIA EXPERT SRL
16368506,COMPANIA NAŢIONALĂ ROMARM S.A. BUCUREŞTI FILIALA SOCIETATEA FABRICA DE ARME CUGIR S.A.
16369218,CENTRUL AGRO TRANSILVANIA CLUJ SA
16405213,ADMINISTRATOR IMOBILE SI PIETE SRL
16451651,BRAZI INDUSTRIAL PARC SA
16468149,APAVIL SA
16652035,UTIL PRESTSERV SRL
16683066,SERVICII MANDREANA SRL
16689999,PARC INDUSTRIAL CRAIOVA SA
16695222,RADIOACTIV MINERAL MAGURELE SA
16704673,TEHNOPOLIS SRL
16727448,OCOLUL SILVIC RASINARI RA
16730672,ECOAQUA SA
16775941,AQUASERV SA
16808496,SYLCOTUR SRL
16826034,HIDRO PRAHOVA SA
16828396,Electrificare C.F.R. SA
16830620,BAI COJOCNA SRL
16844952,APASERV SATU MARE SA
16862460,PRESLUC SRL
16868757,AQUACARAS SA
16906125,GOSAN SRL
16907635,OCOLUL SILVIC CODRII CAMARII RA
16914128,APA CANAL SA
16914861,COMPANIA PENTRU SERVICII PUBLICE MEHEDINTI SA
16915867,REGIA PUBLICĂ LOCALA OCOLUL SILVIC CINDREL RA
16976481,SERVICII DE GOSPODARIRE MAGURA CODLEI SRL
17004546,REGIA PUBLICA LOCALA-OCOLUL SILVIC GHIMES-FAGET RA
17023629,OCOLUL SILVIC BRATCUTA RA
17054889,GOSPOD SERV SRL
17094034,ORIZONTURI NOI SRL
17177326,OCOLUL SILVIC BUZĂUL ARDELEAN RA
17181335,SERVICII C.L.SĂLIŞTE SRL
17373721,OCOLUL SILVIC AL ORASULUI RASNOV RA
17406209,GOSP-COMUNCOR SRL
17420548,OCOLUL SILVIC CODRII CETATILOR RA
17429946,OCOLUL SILVIC MAIERU RA
17432100,OCOLUL SILVIC MUNICIPAL BAIA MARE RA
17447489,SERVICII DRAGUSANA SRL
17454834,OCOLUL SILVIC DEALUL SIBIULUI RA
17484436,DOROBEIUL SRL
17613913,REGIA PUBLICĂ LOCALĂ OCOLUL SILVIC VALEA FRUMOASEI RA
17670528,EUROBAC SRL
17716323,RÎUDEMOREANA SRL
17730816,REGIA PUBLICA LOCALA A PADURILOR KRONSTADT RA
17747931,ENERGOTERM SA
17791716,TRANSPORT PUBLIC LOCAL SA
17815688,LELESE TRANSCOM SRL
17866940,ARANKA SERVCOM SRL
17870232,ECO-SAL 2005 SA
17897432,OCOLUL SILVIC ALPINA BORŞA RA
17986823,AQUAVAS SA
18019510,OCOLUL SILVIC CODRII BEIUSULUI RA
18060498,SERVICE CONSLOC SRL
18171186,TRANSURBAN SA
18310039,TRANSAL URBIS SRL
18311875,VAB 5004 SRL
18333164,OCOLUL SILVIC CIUCAS RA
18348246,DENSUŞIANA PROD SRL
18454727,SCHILIFT SRL
18478122,NITROPARC SRL
18487287,OCOLUL SILVIC CRISUL REPEDE RA
18490657,OCOLUL SILVIC IZVORUL FLORII RA
18543689,PLOPCONSTRUCT SRL
18588753,PIEŢE REŞIŢA SRL
18632522,AGROPIEŢE SA
18663200,REGIA PUBLICA LOCALA-OCOLUL SILVIC STEJARUL RA
18672438,SAB TURISM SRL
18761454,REGIA AUTONOMĂ LOCALĂ OCOLUL SILVIC VALEA SEBEŞULUI RA
18856244,EXPLOATARE SISTEM ZONAL PRAHOVA SA
18856511,REGIA PUBLICA LOCALA A PADURILOR SACELE RA
18916672,COMPANIA DE UTILITATI PUBLICE SA
18917384,PREST SERV GRADISTEA SRL
18919474,CRUCEA TALIENILOR SRL
19113639,REGIA PUBLICA LOCALA A PADURILOR PIATRA CRAIULUI RA
19240411,PRIMA TĂUŢI SRL
19502679,APA TÂRNAVEI MARI SA
20064092,REGIA PUBLICĂ LOCALĂ OCOLUL SILVIC VALEA ORAŞTIEI RA
20202365,BĂIUŢ SERV SRL
20330054,COMPANIA DE APA ARIES SA
20415711,APAREGIO GORJ SA
20762885,VICTORIA PARC INDUSTRIAL SRL
21248670,REGIA PUBLICĂ LOCALĂ  -  OCOLUL SILVIC BĂNIA RA
21307548,COMPANIA DE APĂ OLT SA
21551614,ECOVOL ILFOV S.A.
21602815,REGIA PUBLICĂ LOCALĂ-OCOLUL SILVIC VALEA SADULUI RA
21610575,TRANSPORT URBAN SINAIA SRL
21727401,FABRICA DE PULBERI SA
21731216,REGIA PUBLICĂ LOCALĂ - OCOLUL SILVIC VALEA MUREŞULUI RA
21737529,GOSPODARIRE COMUNALA COCIUBA MARE SRL
22003997,PAZA SI PROTECTIE BIHOR SRL
22029210,"REGIA PUBLICA LOCALA OCOLUL SILVIC ""ŢINUTUL PĂDURENILOR"" RA"
22032410,EDILPREST SRL
22075438,SZEPKOZTAR SRL
22131317,APA SERVICE SA
22140498,REGIA PUBLICĂ LOCALĂ OCOLUL SILVIC TĂLMACIU RA
22224874,APA SERV SA
22225284,REGIA PUBLICA LOCALA OCOLUL SILVIC PADURILE FAGARASULUI RA
22412452,REGIA PUBLICĂ LOCALĂ OCOLUL SILVIC VALEA HAŢEGULUI RA
22566249,STEAUA ROŞIE RĂSMIREŞTI SRL
22618640,SERVICII PUBLICE SA
22976664,ECOLOGICA BĂILE HERCULANE SRL
22987337,COMPANIA DE APĂ SA
23226130,MATSALUBRIS SRL
23389463,OCOLUL SILVIC BUCEGI PIATRA CRAIULUI CIUCAS RA
23503516,COMPANIA DE SALUBRITATE CAMPIA TURZII S.A.
23550461,REGIA PUBLICA LOCALA A PADURILOR STEJARUL RA
23686774,SAL PROIECT SRL
23708724,ELECTROVOL SA
24023214,PARC INDUSTRIAL PRIBOIU SA
24288580,ALPATVAR 2008 SRL
24304481,APACONS SRL
24340468,PRIMTRANS - COM SRL
24353417,CONSTAL TALPA SRL
24423199,PRELCET SA
24440734,LOCAL SERVICII SRL
24499588,HARVIZ SA
24599943,SERVICII PUBLICE MIROSLAVA SRL
24607639,LOCATIVSERV SRL
24642172,DEZVOLTARE URBANA SRL
24734055,AGENŢIA DE DEZVOLTARE LOCALĂ ORADEA S.A.
24840196,BUCURA PREST S.R.L.
24864080,REDISZA SA
24890607,BALNEOCLIMATERICA-GYOGYFURDO SA
24898139,ECO - SAL SA
24979799,CENTRUL NAȚIONAL DE ÎNVĂȚĂMÂNT TURISTIC S.A.
24994977,SERVICIUL PUBLIC DE INTERES COMUNAL TAUTEU SA
25040361,SPITALUL ORĂŞENESC SRL
25137330,EDITURA DISCOBOLUL SRL
25285957,TURCENISAL SRL
25302454,REGIA PUBLICĂ LOCALĂ OCOLUL SILVIC PĂDUREA BOGĂŢII RA
25327840,OCOLUL SILVIC COMUNAL TELCIU RA
25336481,OCOLUL SILVIC TIHUŢA-COLIBIŢA RA
25344972,ENERGONUCLEAR SA
25377422,CENTRUL DE RESURSE PENTRU AFACERI VASLUI - CRAV SA
25428615,SALUBRITATEA IBSV SRL
25430666,COMUNAL ECO SRL
25463531,HCB CONSTRUCT INVESTMENT SRL
25472076,OCOLUL SILVIC COMUNAL ROMULI RA
25492677,OCOLUL SILVIC PLAIURILE HENIULUI RA
25493850,QUATRO ECO SALUB SRL
25538820,OCOLUL SILVIC DUMBRAVA RA
25573585,CAV. CONS. LOC SRL
25616767,SALUBRIZARE ŞI SERVICII PUBLICE FOCŞANI S.A.
25624425,URBAN-LOCATO SRL
25648815,PISCICOLA TELEORMAN SRL
25709173,APA-CANAL ILFOV SA
25718864,RAIAR DEVELOPMENT SRL
25725314,REGIA AUTONOMA OCOLUL SILVIC VALEA ŞIEULUI RA
25741662,ECO-CSIK SRL
25742072,OCOLUL SILVIC AL MUNICIPIULUI BISTRITA RA
25742641,"REGIA PUBLICĂ LOCALĂ ""OCOLUL SILVIC ZĂRANDUL"" RA"
25850937,CODRII VLASIEI SRL
25929640,UTILITĂŢI SRL
25950367,IERUL TIREAM SRL
26012599,EOLIANA CARAŞ SRL
26065984,INDUSTRIAL PARK IȘALNIȚA SRL
26128977,SALINA TURDA S.A.
26161230,NOVA APASERV SA
26176052,CENTRALA ELECTRICĂ DE TERMOFICARE HIDROCARBURI (C.E.T. HIDROCARBURI) SA
26284950,REGIA PUBLICĂ LOCALĂ OCOLUL SILVIC PĂDURILE ŞINCII RA
26300230,AGROBERIANUL SRL
26308846,FONDUL ROMÂN DE CONTRAGARANTARE SA
26338049,VODNA-ECOSAL SRL
26371584,POIANA ROŞIA SRL
26416163,CSIKI TRANS SRL
26454388,URBIS SERVCONSTRUCT S.R.L.
26490194,"COMPANIA NATIONALA ""AEROPORTURI BUCURESTI"" SA"
26584132,SALUB INTERSERV SRL
26638950,CONCORDIA UZINA ELECTRICĂ FLOREŞTI SRL
26670500,APACOC-MISLII SRL
26761188,TELEVOL SYSTEMS SA
26786565,AURORA CONSTRUCT MONTAJ SA
26798225,RURAL-SAL SRL
26832874,CARPATMONTANA SERV SA
26892574,MODERN CALOR SA
26962254,BUFTEA ADMIN CONS SRL
26969422,GOSPODĂRIRE COMUNALĂ VALEA COMĂNII SRL
27058888,VILCET ENERGY SRL
27179928,SERVICII DE UTILITATI PUBLICE LEU SRL
27212889,FOTBAL CLUB VOLUNTARI SA
27216635,URBAN TITU SRL
27221372,APĂ CANAL NORD VEST S.A.
27221380,TRANS PREST SERV BORŞ SA
27223071,POROSCHIA COM SRL
27231643,DOMENIU PUBLIC ŞI PRIVAT ONEŞTI SA
27235572,GOSPODĂRIE COMUNALĂ GIARMATA SRL
27237026,APĂ SALUBRITATE CANAL ŞI DECONTAMINARE PRIBOIENI SRL
27241930,AMBIENTAL SERVICE CERMEI SRL
27243753,CITADIN ZALĂU SRL
27249764,PIEŢE SIBIU SA
27249969,SINAIA FOREVER SRL
27251055,ŞOIM CONS SRL
27253188,PUBLISERV VIDELE S.R.L.
27256079,HONLINE MEDIA SRL
27256087,AQUA CĂLIMANI SRL
27256656,UTILITĂŢI COMUNALE OSTRA SRL
27256818,SALGARDENPREST TĂŞNAD SRL
27257384,SERVICII PUBLICE DE MENTENANTĂ MIHAIL KOGĂLNICEANU SRL
27259180,"ADMINISTRAŢIA STRĂZILOR,CONSTRUCŢII EDILITARE SRL"
27259199,SERVICIUL SANITAR VETERINAR SRL
27259202,SERVICII PUBLICE ALEXANDRIA S.R.L.
27261300,UTILITĂŢI PUBLICE LUNCAVIŢA SRL
27264080,PRESTOSERV COSMEŞTI SRL
27266331,GOSPODĂRIE COMUNALĂ EŞELNIŢA SRL
27266340,GOSPODĂRIRE COMUNALĂ DUBOVA SRL
27267116,ECO MONTAN APUSENI SRL
27268839,UTIL LOCAL SRL
27272228,ECOPIAŢA SA
27272953,TETKRON SRL
27273126,ECO VALEA MUNTELUI S.A.
27273142,COMPANIA DE UTILITĂŢI PUBLICE TÎRGU OCNA SA
27274156,GRATIASERV SRL
27275593,AGIGEASERV UTIL SRL
27275976,UZINA DE APĂ SFÂNTU GHEORGHE SRL
27277063,SERVICII PUBLICE IAŞI SA
27277152,SALUBRITATE APUSENI SRL
27278646,APASERV SALUBRIZARE SRL
27279072,DOBRA VODA SRL
27280093,SERVICII EDILITARE PENTRU COMUNITATE MIOVENI SRL
27280123,PIEŢE-SERVICII COMUNITARE MUSCEL SRL
27287849,A.S.P.L. SULINA SRL
27287857,UTIL AQUA MAHMUDIA SRL
27289734,PIEŢE PREST SA
27293115,PRESTĂRI BĂRĂŞTI SRL
27295841,EDILITARA PUBLIC SA
27300824,SALUBRITATE PUBLICĂ URBANĂ CURTEA DE ARGEŞ SRL
27301897,SALUBRIS GILORT SRL
27302965,SALUBRIZARE ŞI GOSPODĂRIE CUMPĂNA SRL
27304567,SERVICII PUBLICE CARCEA SRL
27305066,SERVICIUL PUBLIC DE GOSPODĂRIE COMUNALĂ CIOLPANI SRL
27306940,SERVICII COMUNALE SIRET SA
27307997,COLECTARE DEŞEURI MOGOŞOAIA SRL
27312810,PAZA SI PROTECTIE CLUJ SRL
27314064,CRASNA-SERV SRL
27314102,GOSPODĂRIE COMUNALĂ ŞĂRMĂŞAG SRL
27321746,APA SAT SRL
27325934,NERA GOSP BOZOVICI SRL
27325950,CAZARE ŞI SERVICII PUBLICE SRL
27325969,POL - COM CARANSEBEŞ SRL
27330116,ECO - SCUP SRL
27334533,FLOR ECO SERVICII DE CURĂŢENIE SRL
27336771,SERVICIUL GOSPODĂRESC SRL
27338691,ADMINISTRATIA PIETELOR SI TARGURILOR SA
27340624,ECOLOGICA VATRA-DORNEI SRL
27354450,SERVICIUL PUBLIC ORAŞUL VAŞCĂU SRL
27360656,SERVICII GOSPODARIRE APATEU SRL
27361708,PAZĂ PUBLICĂ GIURGIU SA
27371558,EDILITAR DIVERS TOPALU SRL
27374805,TERMO CALOR CONFORT SA
27381730,TERMICA DISTRIBUŢIE NĂVODARI SRL
27387074,SERVICIUL PUBLIC DE GOSPODĂRIE COMUNALĂ SNAGOV SRL
27389563,OCOLUL SILVIC ARDUD RA
27393335,SALPITFLOR GREEN SA
27394322,ECO INEU PHARE 2004 SA
27396250,TERMICA BRAD SA
27404850,APĂ RĂTEŞTI SRL
27409407,GOSPODĂRIA IZVOARELE SRL
27412402,SERVICIUL SALUBRIZARE VIDRA SRL
27413181,GOSPODĂRIRE URBANĂ SRL
27414292,EDIL EXPERT PUBLISERV SUSENI SRL
27419583,DIRECŢIA PUBLICĂ MOTRU SA
27429315,COMPANIA REGIONALĂ DE APĂ BACĂU SA
27430581,ADMINISTRAŢIA PIEŢELOR FOCŞANI SA
27436894,SERVICII LOCALE IZVOARELE SRL
27449967,SERVICII DE GOSPODĂRIRE URBANĂ PLOIEŞTI SRL
27450147,GOSPODARIA LUMINA SRL
27453305,AQUAPREST ARMENIŞ SRL
27456085,SERVICII PUBLICE LOCALE SRL
27457340,REGIA DE ADMINISTRARE A DOMENIULUI PUBLIC ŞI PRIVAT AL JUDEŢULUI ARGEŞ RA
27472293,ECOSAL SERV DOBROEŞTI SRL
27477177,UTILITĂŢI PUBLICE CERNAVODĂ SRL
27486132,UTILITĂŢI APĂ-CANAL RUCĂR 2010 SRL
27488656,MUNICIPAL SECURITY SRL
27515874,AMENAJARE EDILITARA S5 S.R.L.
27519450,S.T. SALTIM SLATINA - TIMIŞ SRL
27576308,MERENDA PRIM SRL
27608930,DIVIZIA DE PAZĂ ŞI ORDINE SJP SRL
27642550,EDILITAR SALUB-TERM SRL
27645548,GOSPODĂRIE COMUNALĂ LENAUHEIM SRL
27648587,REGIA AUTONOMĂ JUDEŢEANĂ DE DRUMURI ARGEŞ RA
27662328,SERVICII LOCALE PECENEAGA SRL
27668673,PRESTĂRI DOBRUN SRL
27700057,D.U.S.P.I. SERV PANCIU SRL
27716550,ZONE VERZI SRL
27739200,EDILTOP APA-CANAL ROCIU 2010 SRL
27744762,PAZĂ ŞI SERVICII COMUNITARE SRL
27751700,PAZA C.L.B. SRL
27754111,APA - CANAL SICHEVIŢA SRL
27758318,AQUASAL UTILSERV SRL
27778056,EURO APAVOL  S.A.
27779140,CODRU LUNCA SRL
27787860,"COMPANIA NAŢIONALĂ PENTRU CONTROLUL CAZANELOR, INSTALAŢIILOR DE RIDICAT ŞI RECIPIENTELOR SUB PRESIUNE - (CNCIR) SA"
27802057,CAMPIA TRANSILVANA SRL
27804376,GOSPODĂRIRE COMUNALĂ LOCALĂ RĂŞINARI SRL
27807208,ROZNOVSAL SRL
27809411,RIBIŢA 2010 SERVCOM SRL
27811667,UTILITĂŢI ŞI SERVICII PUBLICE MURIGHIOL SRL
27826579,INTER PREST 1 DECEMBRIE SRL
27840794,NUŞFALĂU SERV SRL
27850739,PAZĂ OBIECTIVE ŞI INTERVENŢIE SRL
27854960,UTILITĂŢI APASERV CORNU SRL
27855450,E.C. RUSCOM BEST SRL
27856405,PIAŢA PRIM-COM SA
27864203,APA SERV TROTUŞ SRL
27873180,GUGULANIA LAND SRL
27892769,CETATEA KORNIS SRL
27910237,ECOEDILITAR SRL
27924739,OCOLUL SILVIC COMUNAL JOSENII BIRGAULUI RA
27946109,PAZA SI PROTECTIE FORSE SRL
27962317,UTILITĂŢI PUBLICE MUNICIPALE ADJUD SRL
27965160,COMUNALE CRIŞTIOR SRL
27969145,SALUBRITATE CRAIOVA SRL
27991096,CONSTRUCTORUL RĂBĂGANI SRL
28001235,PIETE SI TARGURI CRAIOVA SRL
28021739,SELECTIV DEŞEURI 2010 SRL
28025730,GOSCOM ZETEA SRL
28046318,UTILITĂŢI PUBLICE BRAN SRL
28075461,MUNICIPAL CONSTRUCT SA
28085619,SALUBRITATE SEGARCEA SRL
28085937,SERVICII EDILITARE PLOPENI SRL
28095744,LOCAL PREST SERV AŞTILEU SRL
28109807,ALIMPEŞTI UTIL SRL
28111335,CARSIUM EDIL SRL
28112594,ECOSAL RE-LI-VO SRL
28133465,GOSPOCERNA LUNCA CERNII SRL
28145290,ECO EURO CAB SRL
28147657,ECOSALUBRIZARE PREST SRL
28210860,VOINŢA CÂNDEŞTI SRL
28213025,ADI ECOO 2009 SRL
28260493,SERVICII PUBLICE CASIMCEA SRL
28268713,URBANA SERV SRL
28269794,APĂ ŞI CANAL SĂLCIOARA SRL
28285129,SERVICIUL PUBLIC RUPEA SRL
28308893,"SERVICII APĂ, CANAL, SALUBRITATE, FILIPEŞTII DE PĂDURE SRL"
28310079,PRIMPAD-SERV SRL
28323214,PARCURI VERZI&URBAN TRANS S.R.L.
28355992,LACURILE NATURALE OCNA SIBIULUI SA
28396127,APĂ-CANAL TĂLMACIU SRL
28403313,MOŞNIŢEANA SRL
28408302,SERVICIU PUBLIC PRESTARI SERVICII BEBA VECHE SRL
28418969,LOCALSERV COMTAM SRL
28424073,AROMAPA SERV SRL
28449701,ECO VEST CODRII VLĂSIEI SRL
28469733,KULTUR CENTRUM SRL
28470100,SERVICII PENTRU COMUNITATE NUCET SRL
28478049,COMPANIA DE SERVICII FILDU SRL
28507306,M.K. PAZĂ ŞI PROTECŢIE SRL
28510530,CENTRUL MEDICAL SĂNĂTATEA PENTRU TOŢI SRL
28644672,REGIA PUBLICĂ LOCALĂ OCOLUL SILVIC GURA RÂULUI RA
28664262,PADEŞ UTIL SRL
28696329,ECOSERV SIG SRL
28708334,JUD PAZĂ ŞI ORDINE AG SRL
28744019,SERVICIUL PUBLIC DE ALIMENTARE CU APĂ ARICEŞTII RAHTIVANI SRL
28876303,GOSPOSAM UTIL SRL
28888987,STV SANNICOLAU MARE SRL
28924478,PĂRŢANA SRL
28962463,APĂ CANAL BALC SRL
28973713,GENERAL EDILITAR CONSTRUCT SRL
28980435,RO-ARMYCATERING SA
29085218,VITALISSIMA SRL
29094518,GENERAL PUBLIC SERV SA
29104654,UTILITATI PUBLICE SINPAUL SRL
29112754,BRIJANA COM SRL
29136150,RO-ARMYSECURITY SA
29158018,SERVICIUL DE UTILITATI PUBLICE GHERCESTI SRL
29167911,CLP ECOSERV S.R.L.
29188485,GOSPOLOCAFAR SRL
29205888,JUPSAL SALUBRIS SRL
29218217,SALUBRIZARE SORTIS COM SRL
29254856,CSÍKI FÜRDŐK SRL
29315554,ADCOP GRUP SRL
29331835,INTREŢINERE PEISAGISTICĂ DOMNEŞTI SRL
29355176,SERVICII DE GOSPODĂRIRE COMUNALĂ DEVESEL SRL
29358725,COMPANIA DE UTILITĂȚI PUBLICE TECUCI SRL
29387348,EUROSERV PUB DRĂGANU SRL
29402715,CENTRUL REGIONAL DE EXCELENŢĂ IN AVIAŢIA CIVILĂ SA
29445066,ECOSISTEM VICTORIA SRL
29448577,SERVICII PUBLICE  BEŞTEPE SRL
29482943,SERVICII PUBLICE GOIESTI SRL
29483329,SALUBRITATE RURALĂ PRUNDU SRL
29498869,UTILITĂŢI PUBLICE MĂGURELE SRL
29521783,SERVICIUL DE GOSPODĂRIRE COMUNALĂ CĂLINEŞTI SRL
29552941,GOSPODARIRE COMUNALA NEGOI SRL
29557493,APAPRIMA BERCA SRL
29557787,UTILITĂŢI PUBLICE NUFĂRU SRL
29559184,PRIMA VARIAŞ SRL
29587621,APA CANAL TURNU ROSU SRL
29595527,"SERVICII PUBLICE, AGREMENT ŞI SALUBRITATE SPAS S.R.L."
29759816,"PIEŢE, TÂRGURI ŞI OBOARE FĂGĂRAŞ SRL"
29780028,GIURGIU SERVICII PUBLICE S.A.
29798475,SERVICII PUBLICE CIUREA SRL
29813109,APĂ CANAL CIPRIAN PORUMBESCU SRL
29839249,NEMANU CONSBUC SERVICII SRL
29841761,SERVICII DE ADMINISTRARE A DOMENIULUI PUBLIC SI GOSPODARIRE COMUNALA GALICEA MARE SRL
29848867,PARCURI SERVICII & PROD PANTELIMON SRL
29879537,VALENIPRIM SERV SRL
29884584,APĂ ŞI CANALIZARE PRUNDU SRL
29940919,SERVICII PUBLICE IANCU JIANU SRL
29949152,POTLOGI TÂRG 2011 SRL
30026835,FMF - DENT SRL
30029890,EDIL PORUMBACU SRL
30055849,LOCAL URBAN SRL
30069852,COLECT RECUNOŞTINŢA SERV SRL
30070067,TRANS AUTO CORBEANCA SRL
30098173,GOSPODĂRIE COMUNALĂ VALU LUI TRAIAN SRL
30163492,ŞTRAND TERMAL DETA SRL
30229295,SERVICII FUNERARE ABS. VOLUNTARI SRL
30267310,SOCIETATEA COMPLEXUL ENERGETIC OLTENIA S.A.
30350806,REGIA PUBLICĂ LOCALĂ A PĂDURILOR MĂIERUŞ RA
30371485,ŞTEFSALUBSERV SRL
30426424,BUSTEDIL PREST SRL
30459529,PRESTĂRI SERVICII CIORĂŞTI SRL
30468403,CRISTALPRIM TITULESCU SRL
30486167,CONTIL PREST DĂEŞTI S.R.L.
30497727,OPERATORUL DE SERVICII COMUNITARE AMARA S.A.
30508524,UNATC PRODUCŢIE TEATRU SRL
30509368,PRESERV VEDIŢA SRL
30510397,"GOSPODARIRE, MONITORIZARE ŞI TRANSPORT BRĂNEŞTI SRL"
30531586,SERVICII COMUNITARE DE UTILITĂŢI PUBLICE PUCIOASA SCUP S.R.L.
30537074,THE SCIENCE CITY FOR RESEARCH AND MEDICAL INFORMATICS S.A.
30555135,APA COM LUNCA SRL
30558107,"SARAIU-PROGRES,DEZVOLTARE,SERVICII SRL"
30562060,CIOBĂNAȘUL EDILITAR SRL
30583763,GOSPODARUL COMUNAL GREACA SRL
30638745,SERVLOC FRĂSINET SRL
30656687,PRESTĂRI SERVICII TĂTULEŞTI SRL
30663811,CERNA TOPLIŢA S.R.L.
30669849,BOGHIŞ SERV SRL
30673769,SERVICII LOCALE TURCOAIA SRL
30696398,SERVICII COMUNALE BĂNEASA SRL
30721920,PRESTĂRI SERVICII GRĂDINARI SRL
30735390,BUSINESS PARK BISTRIŢA SUD SRL
30738434,GOSPODĂRIA DE INTRETINERE PEISAGISTICĂ COLIBAŞI SRL
30744045,UTILITĂȚI PUBLICE NALBANT SRL
30744673,EDILITARA GURA PADINII SRL
30744681,DEVES PRESTSERV SRL
30749948,GHINDĂREȘTI EDIL SRL
30750004,GOLDTERM MANGALIA S.A.
30765218,SERVICII PUBLICE GOSCOM SRL
30774291,SERVICII URBANE STAŢIUNEA AZUGA SRL
30796028,SERVICII COMUNALE GHERGHEŞTI SRL
30798240,EDILITAR MĂRĂCINENI SRL
30809136,SELECTIV SOC COLECTARE SRL
30813854,ADP CORNETU SERV SRL
30818568,ECOSAL SERVICII OLTENIȚA SRL
30830529,SERVICII DE GOSPODARIRE UNICE CILIBIA SRL
30834296,SCĂRIŞOARA PRICONSERV SRL
30853905,APA PLOPII-SLĂVITEŞTI SRL
30859266,PLOSCA SERV SRL
30859584,VALSALUB SRL
30859649,SOCIETATEA COMPLEXUL ENERGETIC VALEA JIULUI S.A.
30860929,EDILITAR LOCAL TUZLA SRL
30860945,UTILITĂȚI PUBLICE-GOSPODĂRIA COMUNALĂ SRL
30890954,ALIMENTARE CU APĂ ŞI CANALIZARE AFUMAŢI SRL
30896051,ROEŞTI PREST S.R.L.
30925017,CALORGAL S.R.L.
30941101,COROITRANS S.R.L.
30948835,SIMPRESTUTIL S.R.L.
30955972,GOSPODĂRIRE LOCALĂ BERBEŞTI S.R.L.
30964121,SERVICII URBANE ODOBEŞTI SRL
31001189,PROSALUBRIS SRL
31012790,ADMINISTRARE ACTIVE SECTOR 3 SRL
31028788,ELECTROCENTRALE GRUP S.A.
31029392,SISTEM CONSLOC ZĂRNEŞTI 2012 SRL
31029694,ACTIVE CONEXE S.A.
31032657,RURAL SALUBRITATE MIRCEA VODĂ SRL
31041582,EDIL NEGRENI SRL
31042391,SERVICII COMUNALE JIBERT SRL
31045070,ADMINISTRAREA DOMENIULUI PUBLIC SI PRIVAT BALOTESTI SRL
31055251,ECOSALUBRIS HÂRLĂU S.R.L.
31057287,PRIM PODU SRL
31069737,MANAGEMENT SERVICII PUBLICE RURALE  VLAD TEPEŞ SRL
31117192,SATUL NOU GRĂDIŞTEA SRL
31142447,AQUAVERA COTEANA SRL
31151518,IZBUCUL CĂRPINET SRL
31151542,SPERANŢA REMETEA SRL
31178661,AQUATERA ADUNAŢII COPĂCENI SRL
31204132,PRESTĂRI SERVICII MUNICIPALE MORENI S.R.L.
31229161,EDIL CANAL SERV GORGOTA SRL
31242390,ILOCONS & SERV 2012 ILOVĂŢ SRL
31268314,CONSLOC PREST STUDINA SRL
31293598,PRESTĂRI SERVICII PRIMAPREST COM BEZDEAD S.R.L.
31362639,PRESTĂRI SERVICII CAŢA SRL
31394843,AQUA DUMBRĂVIŢA SRL
31398209,NIC.BAL PREST SRL
31403178,LUMINIŞ DE SOARE SERVICII SRL
31434042,ADMINISTRAREA CIMITIRELOR ȘI A SPAȚIILOR VERZI S.R.L.
31434115,PIEŢE PREST TEC SRL
31516290,CSIKI JEGKORONG SRL
31547777,LOCAL SERV NĂSĂUD SRL
31557797,PARC IND VÂLCEA S.A.
31561534,SPAȚII VERZI PRUNDU SRL
31626366,SECTOR PRESTĂRI SERVICII POTCOAVA SRL
31629001,HERBA AMBIENT CERMEI SRL
31640549,GOSPODĂRIRE ȘI SERVICII PUBLICE CIOCÂRLIA SRL
31696884,DUMBRĂVIŢA INVESTIŢII SRL
31702633,SERVPRIM BALTA ALBA SRL
31710504,SERVICII PUBLICE SÂMBETEANA SRL
31726268,PRESTĂRI SERVICII SILIŞTEA SRL
31892929,SALUBRITATE-TURNU SRL
31924214,GOSPODĂRIRE LOCALĂ FÎRTĂŢEŞTI S.R.L.
31932837,WELLNESS TUSNAD SRL
31952982,TERMOFICARE ORADEA S.A.
31980931,SERVICII EDILITAR - GOSPODĂREŞTI RÎCIU SRL
32035988,GRĂDIŞTEA PRIMA SRL
32041718,TERMO SERV CET SRL
32061553,COMPANIA DE SERVICII PUBLICE ZĂRNEŞTI SRL
32074006,SERVICII GÎRLA MARE SRL
32081372,EDILITAR GRECI SRL
32106264,SERVICII DE UTILITATE PUBLICĂ JIRLĂU SRL
32111333,MEDICALĂ SFÂNTA CUVIOASĂ PARASCHEVA VOLUNTARI SRL
32149524,CRUCEA MULTISERVICE SRL
32166150,PRIMDRAGA SRL
32175213,COMPANIA DE TRANSPORT PUBLIC IAŞI  S.A.
32175566,DRUMURI MUNICIPALE S.R.L.
32190191,TUNARI SALUBRIZARE SRL
32240249,EFO URBAN SRL
32247646,GOSPODĂRIE COMUNALĂ LUNCA BAŞEULUI SRL
32249329,REMAPA SRL
32267317,URBAN ACTIV SERV SRL
32300235,ECKEN KOZMU SRL
32306920,REGIA AUTONOMĂ TEHNOLOGII PENTRU ENERGIA NUCLEARĂ - RATEN
32314206,GREEN CITY VOLUNTARI S.A.
32380315,LOCATIVA VASLUI SRL
32410025,SLATINA INDUSTRIAL PARC S.A.
32419318,ECOCHIŞLAZ SRL
32435593,PODENI SERVICII ŞI PRODUCŢIE SRL
32455094,GOSCOM LUPENI SRL
32521937,REGIA AUTONOMĂ OCOLUL SILVIC IZVORUL SOMEŞULUI MARE RA
32530994,MAURA STAR BISNOV SRL
32531051,ZELENATA TREVA SRL
32531094,KAMAK STAR BISNOV SRL
32537992,TUR-SOMEŞ LIVADA SRL
32539748,SERVICE CONS PREST SRL
32571412,PLATFORMA INDUSTRIALĂ IMM SLOBOZIA S.R.L.
32621634,OVERSET SERDIS SRL
32636112,DASACON STAL SRL
32656110,SERVICII PUBLICE SLOBOZIA S.R.L.
32692511,A.D.P.P. CARACAL SRL
32740988,PROTECTIE SI PAZA BISTRITA-NASAUD S.R.L.
32743593,UTIL-ADSIC FÂNTÂNELE SRL
32818882,VALEA MEDISA SRL
32823617,SOCIETATEA MANAGEMENT SERVICII PUBLICE RURALE DRAGALINA SRL
32843274,AGROTURISM OBÎRŞIA SRL
32865035,GOSPODĂRIA COMUNALĂ COŞULA SRL
32891565,GOSPODĂRIE COM MATEEŞTI SRL
32931546,ANIMALE FĂRĂ STĂPÂN SRL
32938986,SERVICIUL PUBLIC DE ALIMENTARE CU APĂ SALUBRITATE CANAL ŞI DECONTAMINARE DOBREŞTI SRL
32950858,C.L. AIADALV AGRO SRL
32977543,IAŞI INDUSTRIAL PARK SRL
33012575,HIGH-TECH INDUSTRY PARK CRAIOVA S.A.
33093065,DOMENII PREST SERV SRL
33134190,SOCIETATEA DE ADMINISTRARE A PARTICIPAŢIILOR ÎN ENERGIE S.A.
33137064,ACMVOL DESIGN S.A.
33168451,CLUJ INNOVATION PARK S.A.
33237519,BM - DN TORONTAL SRL
33293110,AQA TALPA - TR SRL
33331973,BELIȘ SERVICII SRL
33381084,BLAUENDORF S.R.L.
33412636,GOSPOBER-PREST SRL
33418965,SPRIA TECHNOLOGY PARK SRL
33504764,ECOSALTECH S.A.
33537869,PREST ADP GRĂDINILE SRL
33576280,ECO SERVICIUL APĂ-CANAL-SALUBRIZARE TÎRGŞORU VECHI SRL
33599993,GOSPODĂRIE ORĂŞENEASCĂ CISNĂDIE S.A.
33602606,SEPSIIPAR S.R.L.
33602967,SALA POLIVALENTA S.A.
33618149,GOSPODARIE COMUNALA STILPU SRL
33620670,THERMOENERGY GROUP S.A.
33624337,SCHWABEN BUSINESS PARK PETREŞTI SRL
33676263,PIEŢE -PARCĂRI SRL
33682729,GOSPODARIRE COMUNALA INDEPENDENTA SRL
33717053,GRANI LINE-TRANS SRL
33745754,SPAŢII VERZI BĂUŢAR CARAŞ-SEVERIN SRL
33850202,PREST COM SÂNTANA PAVAJ SRL
33885642,PARC INDUSTRIAL CÂMPIA TURZII S.A.
33909580,CONSTRUCTORUL BĂȚANI S.R.L.
33928409,ASALTUL CETĂŢII SRL
33930760,PRIMALEX PROIECT TEL SRL
33935490,PREST SERV DIOSIG S.R.L.
33944501,CONSTRUCTORUL LUGAŞU DE JOS SRL
33962885,MIROSLAVA INDUSTRIAL PARC SRL
34143412,GOSPODĂRIRE COMUNALĂ ȘI ÎNTREȚINERE PEISAJISTICĂ SCHITU SRL
34185086,TRANS FĂGET VLĂDEASA SRL
34253920,PRIM TRANSPREST HUNEDOARA S.R.L.
34296440,REGIO INTEGRAL S.A.
34316106,SERVICII CONSTRUCT DRAGA SRL
34376183,LA SALA PARC SRL
34376205,UTILITĂȚI PUBLICE GÎRBĂU SRL
34419659,TRANSAGENT S.R.L.
34423315,AQUA SIC HEVIZ SRL
34441109,WELLNESS CENTER PRAID SRL
34446726,SALUBPREST HUNEDOARA S.R.L.
34497533,LOCAL CINCU SRL
34542642,START AFACERI T & D  SRL
34550637,CONSTRUCTII BEBA VECHE 2015 SRL
34567639,CIOCILE SERVICII ECOLOGIZARE SRL
34567655,SES IGIENA CIOCILE SRL
34600956,AGRO PRIM CONSTRUCT SRL
34637750,SESARTIZANROM SRL
34650504,AQUATORONTAL SRL
34672251,BRUTĂRIE PAN OPTAŞI SRL
34693785,SPATII VERZI BEBA VECHE SRL
34703536,GREEN - SES PREST SRL
34707333,BCU CONSTRUCT MOŢCA SRL
34728182,GOSPODARUL ERBICENI SRL
34788311,ECOPREST BRAHA 2015 SRL
34796560,GOSPODĂRIRE COMUNALĂ ȘI ÎNTREȚINERE PEISAGISTICĂ GHIMPAȚI SRL
34865210,AQUA VALEA IADULUI SRL
34902890,HOT SALUBRITY SERV SRL
34915261,"SNGN ""ROMGAZ"" SA-FILIALA DE ÎNMAGAZINARE GAZE NATURALE DEPOGAZ PLOIEŞTI SRL"
34963676,OCOLUL SILVIC LĂZĂRENI RA
34964388,CETPREST S.R.L.
35182401,TERMO URBAN CRAIOVA SRL
35196636,PRESTĂRI SERVICII TĂTĂRANU SRL
35201430,APAVER UTILITĂŢI SRL
35230738,GOSPODARUL MITRENI SRL
35244130,SEPSI REKREATÍV S.A.
35290845,APA-CANAL HORIA SRL
35307629,CONSLOCSERV PECIU NOU SRL
35332932,PARC INDUSTRIAL CĂLAN S.R.L.
35359890,APATET NATURA SRL
35362925,PRES CONS REDEA SRL
35521745,SALUBRIS OLT SRL
35604867,PRESTSERV GHIMPEŢENI SRL
35635448,SECURITY VOL S.A.
35694983,APA SERV CONCEPT LEORDENI SRL
35890211,SERVICII PUBLICE JURILOVCA SRL
35978101,APĂ CANAL BOBICEŞTI SRL
35998419,VAMOŞLAZ TRAVEL S.A.
36016121,APĂ ȘI CANAL BUCOV SRL
36064234,SERVPRIM VERNESTI SRL
36103929,MARIENBURG SCUP SRL
36166897,AQUA VALEA TEILOR SRL
36202884,GOSPODĂRIRE COMUNALĂ CĂSCIOARELE SRL
36210321,APĂ CANAL BUILA S.R.L.
36312763,PRESTĂRI SERVICII VLĂDILA SRL
36353380,APĂ CANALIZARE EPURARE APE UZATE STREJEŞTI SRL
36364711,APĂ CANAL SERV BALDOVINEŞTI SRL
36386965,AMENAJARE PEISAGISTICĂ BERCA SRL
36403969,ECO-SERV HĂLCHIU SRL
36435600,TRANS LOC BOCŞA SRL
36443211,EDIL SAL  PREST S.A.
36470879,APĂ CANAL GĂVĂNEŞTI SRL
36474781,GOSPODĂRIA ŞICULANĂ SRL
36476464,APĂ CANAL COSTEŞTI S.R.L.
36480325,GOSPODĂRIREA APELOR ŞI SERVICIILOR FRECĂŢEI SRL
36480333,PRUNDU SERVICII ALIMENTARE CU APA ŞI CANALIZARE SRL
36500953,APA-CANALIZARE PROGRESUL SFÎNTU GHEORGHE S.R.L.
36526384,APĂ-CANAL ORLEŞTI-SCUNDU S.R.L.
36526414,APA SERV TOPOLOG SRL
36555827,APATUL BRATEȘ SRL
36555967,PROIECTE DE DEZVOLTARE LOCALĂ MIREŞU MARE S.R.L.
36572798,PRESTĂRI SERVICII VIZANTEA-LIVEZI SRL
36577612,COM FEL CONSTRUCT SRL
36595635,TERMO PREST PON SRL
36600936,SERVICIU PUBLIC APĂ CANAL BOŢEŞTI SRL
36608581,TERMO SERV COM TAŞCA SRL
36641006,SALUBRITATE BRĂNEŞTI SRL
36653647,ULMETUM SERVICE PANTELIMON SRL
36722771,CRASCUP UTIL SRL
36727850,COMPANIA NAŢIONALĂ DE INVESTIŢII RUTIERE S.A.
36749130,ADMINISTRAŢIA DOMENIULUI PUBLIC SÂNTANDREI SRL
36783515,APĂ CANAL BÎRZA SRL
36806945,APĂ CANAL DERNA SRL
36809569,OVI-PROTECT SRL
36836644,BILT GOSPOLOC SRL
36850452,ADI 7 S.R.L.
36871978,SOCIETATEA  TRANSPORT  URBAN  REŞIŢA SOCIETATE CU RĂSPUNDERE LIMITATĂ
36886430,SOCIETATEA DE SERVICII PUBLICE MUNICIPALE BACĂU S.A.
36920906,TĂRLUNGENI SERVICII APE SRL
36942270,SERVICIUL UTILITĂŢI PUBLICE TULNICI SRL
36960021,SERVICIUL PUBLIC EDILITAR SACALAZEANUL SRL
37019312,EVENT PETRĂCHIOAIA SRL
37027617,SERVICII DE GOSPODĂRIRE LOCALĂ VALEA DOFTANEI SRL
37052459,APĂ-CANAL ŞUNCUIUŞ SRL
37057162,APĂ CANAL SLĂTIOARA S.R.L.
37070471,GOSPODĂRIE SEIMENI SRL
37074007,SERVICIU PUBLIC DE ALIMENTARE CU APĂ CURTIȘOARA SRL
37101306,OSICAPREST SERVCONS SRL
37147680,UTILITĂŢI ŞI GOSPODĂRIRE COMUNALĂ FĂCĂENI S.R.L.
37190290,PUBLISERV BICAZ SRL
37191481,"APĂ, CANAL , SALUBRITATE  FRĂTEŞTI SRL"
37192177,DEZVOLTARE URBANĂ SLATINA SRL
37223699,GOSPODĂRIRE LOCALĂ BUJORENI S.R.L.
37226385,APĂ CANAL SALUBRIZARE DRĂGHICENI SRL
37238843,PRIM ONCEŞTEANA SRL
37306760,SOCIETATEA DE ADMINISTRARE A DOMENIULUI PUBLIC GHIRODA S.A.
37351493,SERVICII EDILITARE BĂNEASA SRL
37365308,GOSPODARUL BRETEAN SERV SRL
37372887,SALUBRIZARE ŞI GOSPODĂRIE CAZASU SRL
37409960,ALGORITHM RESIDENTIAL S3 SRL
37430694,UTILITĂŢI ŞI GOSPODĂRIRE COMUNALĂ COLELIA S.R.L.
37495499,SERVICIUL PUBLIC ALEXANDRU ODOBESCU SRL
37516885,SERVICII PUBLICE LOCALE ROVINARI SRL
37517511,UTILSERV IANCA SRL
37521857,UTIL GOSPMOD LOCAL SRL
37563771,GOSPODĂRIE ŞTEFĂNEŞTI SRL
37635622,MULTICREATIV COLIBAŞI SRL
37635630,DECO AMBIENTAL COLIBAŞI SRL
37666831,PATAKLOKA-SZEGES SRL
37683905,LIMANU VERDE SERVICII DE CURĂȚENIE SRL
37709819,TRANSPORT URBAN PUBLIC SRL
37714360,ALGORITHM CONSTRUCTII S3 SRL
37737746,GOSPODARII CORLĂTENI SRL
37742513,APA ŞI CANAL CĂLUI SRL
37764910,COMPANIA MUNICIPALĂ IMOBILIARA BUCUREȘTI S.A.
37766199,APĂ CANAL SERV OBOGA SRL
37777066,SALUBRITATE ECOLOGICA CISLAU SRL
37801598,GOSPODĂRIE COMUNALĂ CIUPERCENII NOI SRL
37804020,SD3 - SALUBRITATE SI DESZAPEZIRE S3 SRL
37832101,COMPANIA MUNICIPALĂ MANAGEMENTUL TRAFICULUI BUCUREȘTI S.A.
37832144,COMPANIA MUNICIPALĂ ILUMINAT PUBLIC BUCUREȘTI S.R.L.
37832152,COMPANIA MUNICIPALĂ PARKING BUCUREȘTI S.A.
37852044,PARC INDUSTRIAL ALEXANDRIA SRL
37857742,APĂ-CANAL PIELEŞTI  SRL
37868890,SALUB TITU S.R.L.
37905750,PRESTĂRI SERVICII RĂSTOACA SRL
37953138,APĂ CANAL CLP TR SRL
37990900,APĂ - CANALIZARE MILOŞEŞTI S.R.L.
37992692,TRUSTUL DE CLĂDIRI METROPOLITANE BUCUREŞTI S.A.
37996252,APĂ-CANAL DESNĂŢUI  SRL
38028777,HIDROREŢELE SRL
38049842,AQUA CURĂŢELE SRL
38096704,SERVICIUL DE UTILITĂȚI PUBLICE MISCHII SRL
38103160,SALUBRITATE DOBREŞTI SRL
38130539,SERVICII DE GOSPODARIE URBANĂ SRL
38149574,SERVICIUL PUBLIC DE GOSPODĂRIRE COMUNALĂ AL COMUNEI MĂGURA SRL
38189005,INTERNET SI TEHNOLOGIE S3 SRL
38231835,APĂ SĂDIŞOR SRL
38244550,UTIL CONSECA SRL
38251697,CLV PADINA SRL
38255508,PARCURI INDUSTRIALE TÂRGU-SECUIESC S.R.L.
38308297,PRES SERV GURA OCNIŢEI S.R.L.
38348755,PRIMCOM ZĂTRENI S.R.L.
38389410,SPGC PRESTSERV SRL
38483921,SERVICIUL PUBLIC SALUBRIZARE PÎRSCOV SRL
38547405,ADMINISTRATIV SERV LUDUŞ S.R.L.
38575251,BELSALROM S.R.L.
38580606,SERVICII PUBLICE HODOD S.R.L.
38584012,SERVICIUL SALUBRIZARE COMUNALĂ SĂHĂTENI S.R.L.
38612376,GOSPODĂRIE COMUNALĂ UNISERV S.R.L.
38622353,SĂCELATA PREST SRL
38634242,HUTA OBEC S.R.L.
38636359,APA SERV TOP STÂLPENI S.R.L.
38639754,EURO PREST SERV JILAVA S.R.L.
38644335,CRASNA ACÂŞ S.R.L.
38660896,SERVICIUL DE BAZĂ PAZĂ ŞI PROTECŢIE S.R.L.
38679821,SERVICII PUBLICE BOGDAND S.R.L.
38690706,CIOCĂNEŞTI APĂ CANAL S.R.L.
38698980,SALUBRIZARE SUPUR S.R.L.
38701589,SERVICIUL DE UTILITATI PUBLICE SCAEȘTI S.R.L.
38738707,ADMINISTRAREA PATRIMONIULUI COMUNEI 23 AUGUST SOCIETATE CU RASPUNDERE LIMITATĂ
38762071,COMPANIA DE APĂ CRIŞ SRL
38779014,PIETRARUL CODRU MOMA S.R.L.
38789301,SERVICIUL PUBLIC DE APA SI CANALIZARE DRĂNIC S.R.L.
38790403,COMPANIA MUNICIPALĂ CIMITIRE BUCUREŞTI S.A.
38810764,MOȘNIȚEANA SECURITY S.R.L.
38823454,SERVICII COMUNITARE CORABIA S.R.L.
38918813,GOSPODĂRIREA UTILITĂŢILOR PUBLICE MIHĂIEŞTI SRL
38945001,SERVICII EDILITARE BĂLILEŞTI S.R.L.
38961929,TRANSPORT PUBLIC LOCAL DEVA S.R.L.
39020143,AQUA ŞTOROBĂNEASA S.R.L.
39074720,SERVICII PUBLICE CERNA S.R.L.
39112506,APA-CANAL TOMNATIC S.R.L.
39145325,REGIA PUBLICĂ LOCALĂ OCOLUL SILVIC TIHA BÎRGĂULUI R.A.
39146967,BRADUL BAIUT S.R.L.
39168442,GOSPODĂRIA COMUNALĂ CORONINI S.R.L.
39177157,ALIMENTARE CU APĂ DOROBANŢU S.R.L.
39180829,PRIMAPEMED S.R.L.
39227670,APĂ CANAL DOBREŢU S.R.L.
39248231,APA-CANAL ARGETOAIA S.R.L.
39248274,SERVICII PENTRU UTILITATI GIGHERA S.R.L.
39264032,POLOVRAGII S.R.L.
39271242,APA CANAL MOTATEI S.R.L.
39282306,BAIA MARE ACTIV S.R.L.
39313186,SALUBRIS CURCANI S.R.L.
39313313,APĂ-CANAL CIOFRÎNGENI S.R.L.
39328420,INFRASTRUCTURĂ DRUMURI ȘI PODURI  S.A.
39332560,SERVICIUL PUBLIC DE APA SI CANALIZARE APELE VII S.R.L.
39339020,SERVICIUL SALUBRIZARE SI GOSPODARIRE TISAU S.R.L.
39363621,AQUA PERIAM S.R.L.
39377279,ECO-UTIL FRUMUȘANI S.R.L.
39450469,SERVICII PUBLICE MUNICIPALE TÂRGOVIŞTE S.R.L.
39493303,CLB TRANSRUT S.R.L.
39494457,PARC ŞTIINŢIFIC ŞI TEHNOLOGIC BIHOR S.R.L.
39502746,OCOLUL SILVIC BANATUL MONTAN REGIE AUTONOMĂ
39505360,APĂ-CANAL MĂNECIU S.R.L.
39523889,STRAND IDECIU S.R.L.
39526451,PARC INDUSTRIAL BREAZA S.R.L.
39593701,SERVICIUL DE UTILITATI PUBLICE DIOSTI S.R.L.
39597606,UTILPUB PREST ECO SERV PPL S.R.L.
39623586,APĂ-CANAL LUNCA DUNĂRII S.R.L.
39648971,ŞOPA ŞELIMBĂR S.R.L.
39651551,EDILUL APĂ CETĂŢENI S.R.L.
39656451,SERVICII GENERALE MIOVENI S.R.L.
39669478,REGIA AUTONOMĂ ADMINISTRAȚIA CANALULUI NAVIGABIL BEGA TIMIȘ R.A.
39716308,SEPSI ÚT-ÉPÍTŐ S.R.L.
39757510,PRESTĂRI SERVICII TOPANA S.R.L.
39765521,APĂ CANAL VADU CRIŞULUI S.R.L.
39950464,ECOTRANS STCM S.R.L.
39968496,APĂ - CANAL POPEŞTI S.R.L.
40119192,SERVICII COMUNALE TÂRGŞORU VECHI S.R.L.
40171042,APĂ CANAL MÂNĂSTIREA S.R.L.
40203667,UTILITĂȚI PUBLICE AFUMAȚI S.R.L.
40227909,PRESTĂRI SERVICII STOICĂNEŞTI S.R.L.
40311936,COMPANIA DE INVESTITII SI DEZVOLTARE SECTOR 1 S.A.
40333730,SALUBRITATE CERNICA S.R.L.
40379770,SOCIETATEA NAŢIONALĂ CASA ROMÂNĂ DE COMERŢ AGROALIMENTAR UNIREA S.A.
40418917,ECO PREST JILAVA S.R.L.
40507704,APA CANAL SAELELE S.R.L.
40577009,ECO SERVICIUL SALUBRIZARE FLORICA S.R.L.
40685604,CLPCJ CONSTRUCTOR S.R.L.
40720892,SPAS CONSTRUCT REABILITARE TERMICĂ S.R.L.
40745617,SERVICIUL PUBLIC DE ALIMENTARE CU APĂ ŞI CANALIZARE CASTRANOVA S.R.L.
40816530,EDILITARE BOTENI MUSCEL S.R.L.
40817209,TITAN POWER S.A.
40832470,SERVICIUL EDILITAR COTMEANA S.R.L.
41056580,TERMOFICARE GAZ DROBETA S.R.L.
41144445,TRANSPORT PUBLIC URBAN BECLEAN S.R.L.
41146390,KOHAN VAŞCĂU S.R.L.
41177183,AQUA IMPECABIL S.R.L.
41191862,ASTRAGALUS SERV S.R.L.
41227761,UZINA TERMOELECTRICA PRODUCTION GIURGIU S.A.
41239820,EDILITAR GOSPODAR CERMEI S.R.L.
41268559,COMPANIA MUNICIPALĂ ENERGETICA SERVICII BUCUREŞTI S.A.
41269473,COMPANIA MUNICIPALĂ TERMOENERGETICA BUCUREŞTI S.A.
41293404,SERVICII COMUNITARE AMARA S.R.L.
41314361,DUNĂREA SALCIA S.R.L.
41368620,MĂGURELE SCIENCE PARK S.R.L.
41419252,APA CANAL UNIREA-DOLJ S.R.L.
41439578,CAREI TRANS BUS S.R.L.
41456099,ADP ICLĂNZEL S.R.L.
41509010,REGIO SERV TRANSPORT S.R.L.
41577490,EDILITAR OARJA S.R.L.
41600061,COCOȘELUL CLV S.R.L.
41629998,PUBLIVOL CREATIV S.A.
41639118,EVENTCULINAR VOL S.A.
41669410,APA-CANAL ANDRID-PISCOLT S.R.L.
41685602,SALUBRITATE-URZICENI S.R.L.
41691442,TUR-OAŞ S.R.L.
41712847,PARC INDUSTRIAL STREJNICU S.R.L.
41746335,GIURGIU CONSTRUCŢII EDILITARE S.R.L.
41886070,CENTRUL DE SĂNĂTATE STB S.A.
41902558,SERVICIUL DE APĂ ŞI CANAL GHERŢA MICĂ S.R.L.
41940179,AEROPORTUL INTERNATIONAL BRASOV-GHIMBAV R.A.
41943680,APĂ-CANAL VALEA DOAMNEI S.R.L.
41948687,PARCURI INDUSTRIALE BUCOVINA S.A.
41951917,AGIGEA SERV CONSTRUCT S.R.L.
42026545,APA FILIPEȘTII DE TÂRG S.R.L.
42046577,DUMBRĂVIȚA TV S.R.L.
42049115,INFRASTRUCTURĂ S5 S.A.
42049930,SALUBRIZARE SECTOR 5 S.A.
42144524,TRANS REGIOBANAT S.R.L.
42312822,SERVICII PUBLICE OSTROV S.R.L.
42439142,SERVICIUL PUBLIC DE GOSPODĂRIRE COMUNALĂ AL COMUNEI RĂDOIEȘTI S.R.L.
42495070,SERVICIUL APĂ POTABILĂ PREDEŞTI S.R.L.
42512022,DISTRIGAZ ŞIMIAN S.R.L.
42599003,TUTTI WELLNESS S.R.L.
42620644,SOCIETATEA DE SALUBRIZARE SNAGOV S.R.L.
42633431,SERVICIUL PUBLIC DE APĂ ȘI CANALIZARE DANEȚI S.R.L.
42649594,SERVICIUL PUBLIC DE APA SI CANALIZARE MARSANI S.R.L.
42692306,ALIMENTARE CU APĂ BUMBESTI-PITIC S.R.L.
42785235,ÎNTREȚINERE DRUMURI HARGHITA S.R.L.
42790517,BLUE AIR TECHNIC S.R.L.
42793270,AQUASERV MAROS S.R.L.
42886590,RAM TERMO VERDE S.R.L.
42895424,APA SERV COMUNA PURANI SOCIETATE CU RĂSPUNDERE LIMITATĂ
42907464,SERVICII UTILITARE MIHĂEŞTI S.R.L.
42926890,GOSPODĂRIRE COMUNALĂ BIHARIA S.R.L.
42980686,CRISIUS CONS S.R.L.
43115420,URBI-SERV PECICA S.A.
43152096,PIAȚA AGROALIMENTARĂ SMÂRDIOASA S.R.L.
43156365,SALUBRITERM SERV S.R.L.
43327090,ELIMARILI COLECT S.R.L.
43388543,LUNCA CIGHERULUI-TAUŢ S.R.L.
43411026,ROUA ARDEALULUI LUNCA MUREȘULUI S.R.L.
43419585,ALACAP S.R.L.
43476130,PRESTĂRI SERVICII SLOBOZIA BRADULUI S.R.L.
43476688,CARAIMAN COMSERV S.R.L.
43482469,HDS-SERVICII PUBLICE S.R.L.
43488283,AGENŢIA DE DEZVOLTARE LOCALĂ REŞIŢA S.A.
43491742,JUDSERV 2020 S.R.L.
43502159,EDIL UIHEI S.R.L.
43502930,SOCIETATE DE ADMINISTRARE A DOMENIULUI PUBLIC AL COMUNEI FLORESTI - STOENESTI S.R.L.
43526565,APĂ-CANAL CĂMIN S.R.L.
43543671,ADMINSERV NUCȘOARA S.R.L.
43545753,SERVICII SI CONSTRUCTII BULBUCATA S.R.L.
43633782,APĂ CANAL VULTUREȘTI S.R.L.
43651169,SERVICIUL APĂ ŞI CANAL SECU S.R.L.
43668284,PRESADMIN S.R.L.
43709449,TERMOFICARE CONSTANTA S.R.L.
43721310,A.D.P. BÂRCA S.R.L.
43731101,GOSPODARUL HOLOD S.R.L.
43777753,ADMINISTRATIV SERVICII LIȚA S.R.L.
43828113,SERVICIU DE PAZĂ PODARI S.R.L.
43863269,EDILITARE VLĂDEŞTI S.R.L.
43873467,SOCIETATEA DE ADMINISTRARE A DOMENIULUI PUBLIC POPEŞTI S.R.L.
43905224,EDILTOP APĂ-CANAL RECEA 2021 S.R.L.
43937854,A.D.P. IZVOR S.R.L.
44041401,UAT CONSTRUCT ADJUD S.R.L.
44062749,SCRIOAȘTEA INVEST S.R.L.
44070709,SOCIETATEA DE GOSPODARIRE COMUNALA GRUIU S.R.L.
44084178,PRESTĂRI SERVICII MĂICĂNEŞTI S.R.L.
44084496,GOSPODĂRIA COMUNALĂ NANOV S.R.L.
44095479,TRANSPORT LOCAL LUGOJ S.R.L.
44098424,APA-CANAL LUGOJ S.R.L.
44124388,SERVICII PUBLICE COMUNALE S.R.L.
44220440,APĂ CANAL TĂRCAIA S.R.L.
44227545,PARCURI INDUSTRIALE MARAMUREŞ S.A.
44275984,SERVICIUL PUBLIC DE ALIMENTARE CU APĂ ROBĂNEȘTI S.R.L.
44277063,APĂ CANAL BORŞ S.R.L.
44375312,PARC INDUSTRIAL VRANCEA S.R.L.
44440364,EDIL CĂLINEŞTI APĂ CANAL 2021 S.R.L.
44472200,SEPSI PROTEKT S.A.
44487928,SERVICIUL DE APĂ 2021 NEGRAŞI S.R.L.
44500172,UTILITĂŢI ŞI GOSPODĂRIRE COMUNA SĂVENI S.R.L.
44550847,INDUSTRIAL PARK ZERIND WEST S.R.L.
44603720,APĂ-CANAL DÂMBOVICIOARA S.R.L.
44605551,SOCIETATEA DE ADMINISTRARE A DOMENIULUI PUBLIC AL COMUNEI CLEJANI S.R.L.
44766906,APA BECIU S.R.L.
44773253,APĂ CANAL SLOBOZIA 2021 S.R.L.
44912025,GOSPODĂRIRE COMUNALĂ LOCALĂ ŞURA MARE S.R.L.
44934384,ÎNTREȚINERE HOT CONS S.R.L.
44958790,FABRICA DE PRELUCRARE A CONCENTRATELOR DE URANIU – FELDIOARA S.R.L.
44983166,UPL ZIMBOR S.R.L.
45053137,ADMINISTRARE PATRIMONIU LUGOJ S.R.L.
45079749,GOSPODĂRIA COMUNALĂ GODEANU S.R.L.
45091220,AIR ORADEA S.A.
45190622,SKI BORSA S.R.L.
45238844,AMENAJARE SI INTREȚINERE COMUNALĂ MĂXINENI S.R.L.
45286361,COMPLEX TURISTIC LUGHET S.R.L.
45303500,APĂ CANAL 2021 IZVORU S.R.L.
45340827,DOM-NUS-AQUA S.R.L.
45374854,NUCLEARELECTRICA SERV S.R.L.
45417319,CSÍKI SPORTCENTRUM S.R.L.
45751873,AGENȚIA DE ACHIZIȚII PUBLICE TIMIȘOARA S.R.L.
46026645,HOTARPREST S.R.L.
46549920,TERMOCENTRALE CONSTANTA S.R.L.
46572574,APA CANAL CORNU S.R.L.
46655980,PRIMCONS ALUNU S.R.L.
46877331,TERMO PLOIEȘTI S.R.L.
46943133,SOCIETATEA ELECTROCENTRALE CRAIOVA S.A.
47028300,OCOLUL SILVIC PIATRA CERBULUI R.A.
47150063,GOSPODĂRIA LOCALĂ GODINESTI S.R.L.
47262156,APĂ-BĂRBĂTEȘTI S.R.L.
47485875,ECO PEISAGISTICĂ S.R.L.
47568857,UZINA ENERGETICĂ TIMIȘOARA S.R.L.
47568962,UZINA ENERGIE SOLARĂ TIMIȘOARA S.R.L.
47851224,SERVICII DE GOSPODĂRIRE COMUNALĂ ARICEȘTII RAHTIVANI S.R.L.
48473410,SOCIETATEA UTILITATI PUBLICE LOCALE MARASESTI S.R.L.
48685138,CARAȘ SERV S.R.L.
48790613,CCGT POWER IȘALNIȚA S.A.
48928849,APĂ CANAL RÂFOV S.R.L.
49052550,APA-CANAL PĂULEȘTI S.R.L.
