cui,natcode
4562923,1017
4613636,1213
4563007,1348
4331201,1874
4905592,1151
4561898,2915
4331112,1455
5146873,1696
4563228,1794
4561960,8096
4331031,1936
4562362,2130
4562230,2309
4562419,2381
4905550,2577
4562257,2988
4562346,3039
4562303,3397
18866256,9026
4561979,3459
4561936,4106
4562028,3761
4562010,3805
4562079,3841
4562478,3958
4562516,1071
4562311,4008
4561944,4188
4562508,4142
16397960,9019
4562206,4240
4562265,4268
4562486,4302
4561928,4366
4562044,4482
4562494,4525
4561987,4703
4562249,4767
4562397,4927
4562524,4981
4934610,5103
4562117,5167
4561995,5210
4562435,5309
4561901,5336
4562150,5577
4562338,5700
4562214,5755
4562460,5826
4562370,6048
4561910,6119
4562400,6164
4561952,6217
4562222,6271
4650197,6397
4934601,6468
4562281,6547
4562389,6627
4562125,6592
4562060,6930
4562290,6761
4613300,6976
4562001,7044
4562141,7348
4562095,7384
4562109,7099
4562451,7197
4562354,7810
4562168,7446
4562036,7865
4562133,7945
4562184,7767
4562427,8014
4562087,8158
4562192,8229
4562176,8354
4562320,8425
4562443,8826
3519925,9262
3519283,9459
3519402,9495
3519020,9538
3519224,9574
3518822,9627
3518911,9654
3518970,9690
3519550,11584
3520121,12091
3520270,9743
3519372,9798
3520172,9832
3518989,10051
3519135,10104
3519089,9887
3520180,9930
3519127,10006
3519038,10195
3520288,10239
3518997,10293
3519003,10346
3520199,10373
3519011,10417
3519143,10453
3520253,10514
3520202,10532
3520148,10649
3520342,10701
16341489,12912
3519526,9280
3519518,10827
16341462,12920
3520237,10872
3519291,10916
3520296,10943
3520318,11174
3520300,11058
3520210,11236
3520156,11307
3519534,11352
3519542,9333
3519410,11398
3519305,11423
3520164,11478
3520113,11502
3520245,11539
3519569,11637
3519160,11664
3519313,11735
3520326,11762
3519585,12144
3519178,11842
3519577,11940
3518849,12206
3518873,11995
3518830,12037
3519348,12224
3519046,12242
3519054,12288
3519356,12340
3519321,12055
3518920,12368
3519186,12402
3519330,12126
3519593,9360
3518890,12509
3518881,12457
3519194,10765
3519208,12572
3520334,12689
3519607,12643
3519615,9397
3519216,12778
16343200,12938
3520130,12812
3519364,12849
3519623,12876
4317967,13169
4122361,13490
4121927,13622
4834769,13668
4318199,13301
4122574,13392
4229725,13757
4121978,13819
4122477,13891
4122159,13935
4318270,13999
4583950,14049
4543980,14085
4654741,14165
4122124,14272
4122396,14450
4122078,13187
4654776,14352
4122140,14405
4971987,14584
4318431,14673
5103430,14726
5172600,13276
4318326,14753
4469566,14851
4122493,14922
16414572,20063
4318288,14940
5010145,15064
5050611,15108
4971995,15233
4122043,15313
4122434,15402
4121960,15448
4121943,15493
4122094,15554
4318369,15652
4122051,15741
4318296,15830
4469469,15901
4318377,15983
4122108,16132
5010200,16329
5010129,16365
4122531,16285
4469477,16427
4971960,16454
4543956,16506
4122442,16472
4122523,16551
4122388,16613
4122566,16659
4469434,16739
4971979,16757
4318423,16908
4122400,16944
4122086,17049
4122582,13365
4122060,17101
4318474,17209
4122540,17254
4122507,17334
5010137,17398
4122116,17423
5010153,17496
5010170,17575
4318318,17619
5103457,17726
4469442,17771
5103449,17824
4469450,17851
4122418,18028
4654733,17913
4122515,17968
4469418,18162
4654768,18242
15626402,20048
4972001,18331
4469426,18411
4469515,18475
4122450,18527
4122027,18554
5050565,18581
4122469,18670
4544013,18741
4122558,18778
4318393,19114
4122426,18858
4469493,18938
5050557,19141
4469523,19007
4469531,19212
4121951,19249
4971944,19338
5010161,19392
4654750,19560
4122035,19631
4121986,19695
5010196,13524
5050573,19793
4122132,19999
15911360,20055
4278337,20297
4591490,20876
4353250,20563
4535953,20778
4353269,20821
4352921,22166
4278442,20910
4278620,20965
5002983,21007
4455528,21098
4277943,21123
4278027,21196
4277994,21454
4455560,21249
4353005,21338
4455480,21418
4834777,21506
4352948,21560
4352751,21597
17580999,26338
4455013,21668
4455293,21757
4352964,21720
4455536,21855
4670194,21891
4278396,21971
4353110,22059
4535848,22111
4352913,22237
4278116,22380
4670178,22460
4591589,22488
4455030,22576
4455307,22665
4455617,22781
4277870,22718
17560568,26346
4352972,22834
4278108,20607
4535821,22898
4352832,20313
4455145,22941
4353196,23047
17926210,26379
4670224,23127
4455021,20359
4535899,23207
4278132,23289
4535910,23350
4353099,23387
4455080,20411
4352980,23449
4591627,20466
4591511,23494
4535740,23644
4353234,23715
17538358,26353
4455234,23797
4455501,23868
4455447,23948
4278019,23975
4455552,24187
4535902,24034
4277862,24276
4352905,24089
4455498,24338
4591520,24427
4535880,24524
4278183,24631
17538340,26361
4670330,24766
4535864,24837
4455226,24711
4535872,24999
4278299,25148
16360499,26320
4353161,25068
4455595,25228
4535813,25291
4455188,25362
4353102,25488
4670216,25521
4278345,20670
4278086,25629
4455250,25692
4277854,25825
4353021,25745
4455218,25861
4670240,25932
4352700,26029
4277951,26083
4455170,26118
4277935,26289
4230487,26564
4794567,26804
4348947,26877
4593423,26975
4348920,26699
4687200,26920
4593474,30915
4539114,26840
4650570,32027
4969090,27007
4935178,27070
5431691,27169
4660727,26742
4390488,27212
4794591,27285
5431683,27329
4738419,27383
4820305,27436
5355683,27506
4687250,27560
4390526,27631
4738400,27686
4906059,27757
5431667,27846
5431713,27908
4856015,27935
4558698,27971
5518519,28077
4820313,28709
5543628,28139
5003580,28193
4820275,28246
4784210,28335
4390518,28415
5722747,28497
5398331,28530
4820291,28610
4641300,28665
4856058,28763
4883974,28816
4839987,28889
4650588,28941
4856066,29001
5316498,29038
4820283,29092
5628791,29154
5431675,29243
4784202,29341
5518527,29403
16132288,32195
4883966,29467
4660743,29519
5398374,29573
4349020,29662
4935208,29724
4660751,29813
5431721,29760
4411300,29902
4935186,29948
5398366,30014
4687234,30069
4454999,30149
4794613,30229
4641288,30274
15304644,32161
4641326,30336
5398323,30416
4539122,30470
5398340,30568
4454980,30648
4577223,30719
4935194,30773
5460832,30844
15579483,32187
4784296,30871
4784300,30988
4641318,31011
4577231,31057
4641296,26582
15651970,32179
4794583,26653
4784270,31128
4948305,31333
4454964,31379
4454972,31422
4755452,31208
4784199,31510
5431705,31262
15297903,32153
4784164,31609
5199045,31565
4784237,31654
4705942,31878
4820321,31716
4794605,31789
23259072,32201
5149128,31841
4784172,31921
4784180,31976
4650600,32090
4784229,32045
4347569,32394
4548821,32483
4347887,32544
4347321,32599
4347437,32633
4347402,32660
4347348,32704
4512399,32768
4512364,32811
4347364,32884
4730580,33015
4426999,33122
17581650,179953
4512372,32955
4730571,33177
4426980,33202
15050988,179686
4427048,33248
4426964,33275
4512283,33337
4427030,33364
4347429,33382
4427064,33435
4512275,33514
4347445,33541
4730598,33603
4512291,33729
4512305,33621
4426948,33765
4427056,33658
4427080,33845
4427099,33881
4347356,33952
15128955,179659
4512259,33989
4427005,34075
4512240,34155
4512330,34173
15606693,179720
4347410,34235
4980110,34262
4347380,34280
4512321,34333
4512232,34360
17581668,179944
4347399,34397
4427072,34477
4512313,34618
4426956,34645
4426972,34690
4427021,34770
4347372,34850
4512410,34422
4427013,34903
4512348,34547
4512356,35152
4548899,34985
4512267,35054
4427102,35090
4512380,35269
4512402,35312
4730563,35429
3372882,35731
4112945,36006
3643876,36453
3372017,35946
3372173,37280
3372050,36060
3373403,39168
18382485,40035
3373519,36131
3571591,36202
3433890,36300
16406308,39983
3503694,36373
4524946,36426
3373454,36499
15676397,39967
3643892,36532
3372190,36569
8613981,36649
4524920,36676
3748503,36756
15676400,39975
3372157,36809
3672057,36907
8613973,36952
3433866,35759
3373535,37057
3503660,37011
15676370,39959
3373543,37100
3503635,37173
3373420,37217
3373322,37324
8613990,37397
3373527,37459
3571613,37618
3643884,37547
4524938,37672
3373365,37734
3672022,37770
3372165,37823
3372130,37850
15676389,39942
3373390,37912
3643906,37958
3503600,38063
3672006,38161
3373462,38241
3571567,38321
3503643,38376
3372122,38456
3571559,38492
3503678,38544
3373330,38580
3372106,35839
3503651,38633
3373373,38679
3571605,38731
3372114,38811
3373438,38848
3373446,38893
3571575,39122
3372084,35884
3643922,39220
3433912,38982
3373357,39051
3373381,39266
3373497,39328
3672030,39391
3571583,39417
3433858,39532
3503686,39612
3503627,39694
3372149,39658
3748490,39738
3373349,39792
3643914,39836
3672049,39872
4384206,40198
4777108,40241
4384419,40278
4317649,40438
4801362,40214
4580423,40303
4443353,40367
4443388,40394
4523207,40465
4646897,40492
4777205,40526
17490853,42498
4443426,40544
4777213,40606
4688736,40633
4777159,40688
4801389,40704
4801370,40768
4443469,40820
4777256,40857
4728369,40900
15141180,42456
16436600,42480
4777132,40928
4728326,40955
4777280,40991
4728318,41033
4833941,41088
4384591,41113
4646927,41177
16399529,42472
4646943,41248
4801397,41284
4443434,41346
4777221,41382
4384605,41417
4443485,41471
4777230,41541
4384613,41578
4777272,41621
4688701,41667
4646935,41701
4384567,41738
15578950,42464
4777175,41925
4384575,41818
4384583,41854
14670850,42449
4384621,41943
4777140,42003
4688710,42058
4801400,42076
4443477,42101
4777248,42156
4728300,42183
4443418,42236
4443450,42307
4777167,42398
4205670,42682
4343052,42753
4874631,43331
4721220,43411
4342820,42824
4874780,42842
4874798,42913
15955677,44560
4342669,42708
4342782,42968
4342804,43019
4342766,43073
4874658,43117
4874682,43180
4721301,43242
4342758,43279
4874755,43313
4874690,43466
4342685,43493
4721263,43563
4874739,43625
4342723,43652
4342839,43698
4721255,43732
4342693,43787
4342774,43812
4721271,43867
4721280,43929
4721298,43992
4874771,44060
4874674,44113
4874666,42771
4342740,44140
4342677,44177
4342715,44202
4342731,44257
4874763,44300
4874712,44328
4342707,44355
4342650,44391
4342812,44435
4874704,44462
4874747,44505
4342790,44532
4233874,44818
2406871,44845
4055807,47916
4055866,48325
3607644,48744
4234047,44863
2407869,44989
2407834,44934
3662568,45003
3662665,45101
3724407,45245
3724504,45334
2407842,45361
4154339,45389
3724482,45496
3724466,45539
4055840,45619
3662444,45673
3662681,45815
4055700,45753
3662673,45888
4055785,45959
3662622,46019
3662630,46108
2813247,46180
3724423,46251
2808976,46313
2407877,46377
4154355,46439
2407559,46484
4055823,46554
17521291,50564
3724440,46769
4234098,46803
2407931,46830
3724385,46867
4088219,46910
3662690,47006
2810909,47079
3724393,47159
3662584,47186
3724458,47300
4055831,47337
3662592,47630
4154312,47373
3662614,47417
3662541,47453
4088200,47578
4234039,47774
3724490,47818
4154363,47854
4593911,48021
4299470,48138
4154320,48227
3662452,48165
2809556,48557
4154371,48487
2407893,48682
3724520,48771
2407885,48842
3724539,48922
2407907,48968
2808992,49019
3724431,49046
4154266,49073
4055726,49153
3662487,49206
3662606,49233
3662657,49313
4234004,49439
4055718,49484
4154380,49545
2407591,49625
4088227,49849
4055734,49643
3662436,49769
4055858,49894
16312033,50549
4385538,49956
2407850,50399
3662703,50022
3662460,50068
4088197,50102
3662576,50228
4154347,50326
3724512,50415
2407915,50479
3228764,50790
3227947,51010
3227912,50889
3227920,50923
3227939,50969
3227955,51056
3227963,51118
3227971,51207
3227980,51243
3227998,51305
3228004,51332
3228012,51387
3228020,51449
3228039,51500
3228047,51546
3228055,51573
3227629,51626
3227637,51662
3227653,51699
3227645,51751
3227661,51804
3227670,51840
3227688,51948
3227696,51984
3227700,52035
3227718,51877
3227726,52062
3227734,52115
3227742,52160
3227564,53489
3227750,52570
3227769,52650
3227777,52696
3227785,52721
3227793,53700
3227807,52758
3227815,52785
3227823,52856
3227831,52909
3227408,52936
3227416,52954
3227424,52990
3227432,53023
3227440,53069
3227459,53103
3227467,53130
3227475,53167
3227483,53210
3227491,53247
3227505,53274
3227513,53327
3227521,53345
3227530,53372
3227548,50987
3227556,53425
3227572,53513
3227580,53577
3227602,53675
3227599,53639
3227610,53728
3227181,53755
3227190,53791
3227203,53853
3227211,54056
3227220,54109
3227238,54163
3227262,54350
3227246,54270
3227254,54305
3227270,54387
3227289,54412
3227297,54485
3227300,54500
3227319,54537
3227327,54573
3227335,54617
3227343,54699
4445370,92569
4294103,100610
4294154,101458
3797131,103032
16300713,93888
3966281,94125
3966419,101083
3966389,92961
3796802,101724
3966303,101804
3796799,101822
3796780,93085
19161962,180055
3796926,102419
3796896,93281
3796713,93325
3796730,93370
4294014,93441
4445389,93487
4445281,93539
3966397,102838
3796969,102945
3796942,103014
17558053,179962
4602688,93664
3796705,103568
3796950,103764
3966370,93771
3796756,93815
3796748,93851
3796810,104083
3796764,93931
3796853,104181
3966290,100638
3966354,92587
4445222,104323
3966338,104341
3796888,94223
3796900,104635
3796845,104751
4294146,94312
3966400,104886
4445214,105222
3796934,105384
4293957,105259
3796870,94562
4133000,94580
3966346,105455
3796691,105605
3796861,94606
3796772,94651
3796837,94731
4445338,105712
3796918,105829
3796829,94768
4305857,54975
4354566,55357
4349179,55008
4349071,55384
4378930,55259
4485642,55446
4722374,55473
4378743,55598
4349039,55623
4485243,55687
4791935,55776
4378751,55838
5562093,55918
4485260,56014
4378760,56096
4565261,56210
4378778,56265
4426158,56327
4288217,56354
4378786,56425
5626626,56461
4426166,56522
5909401,56568
4378794,56666
4378808,57314
4426174,56773
5227935,56844
4923998,56988
4486230,57083
4485359,57163
4924004,57225
5022204,57350
4426182,57449
4546936,55062
4378824,57546
4354507,57582
4288225,57644
4485391,57706
4546944,57742
4485430,57948
4485413,57831
4485421,57902
4546952,58008
4288241,58142
4924020,58204
4617670,55106
4426212,58259
4546960,58311
4546979,58357
5698096,58393
4426220,58464
4485448,58534
4485456,55160
4378832,55277
4288250,58552
4485472,58623
4426239,58721
14866024,60169
5105687,58794
4426247,58856
5507056,58918
5022212,58990
5979229,59041
4426255,59130
5774428,59238
5698118,59283
5612868,59434
5548447,55311
6528995,59498
4546987,59586
4889497,59327
4617689,59416
5303080,59657
4288055,59826
4426263,59693
4378840,59764
4426271,59880
4485502,59942
5562115,60026
4426280,60062
4426298,60099
4785631,60419
4515255,60482
4301456,60847
4304568,60776
4617794,60455
7453165,60801
4859712,62360
4618382,60507
6398763,62397
4301359,60687
4300540,60534
4618153,60598
7097998,60883
4701088,60570
5110918,60945
7453130,61005
4707641,63198
5408818,61069
15226406,63294
4515735,61121
4618439,61167
6483311,61210
7249840,61256
4514608,61283
4515476,61318
4804407,61372
7778337,61452
4707714,61513
12554654,63286
7276918,61559
4618170,61620
16432269,63300
7015203,61675
7635175,61737
6398771,63161
17749029,63334
7249794,61808
8826017,61826
17093977,63326
7453190,63278
6228149,61871
5515059,61951
4859801,62020
4671688,60632
4896001,62057
4671807,63152
4785658,62137
4860016,62253
4515328,62191
4514632,62280
4515840,62440
6228122,62486
4804482,62538
5806791,62609
4617891,62672
4515360,62707
4515239,62761
4514675,62798
4859992,62878
16384773,63318
5874273,62823
4514861,62903
4514853,62949
4514888,62985
7249808,63045
5459919,63072
4514926,63189
4707625,60721
4671718,63125
5806830,63170
4404605,63394
4201813,63740
4404788,63447
4404613,63526
4404370,63580
4201929,63777
16318699,65113
4404710,63633
4202177,63802
4404567,63866
16355433,65121
4404621,63893
4201970,63937
4404400,64041
4404656,64005
4201864,64096
4201783,64130
4404338,64194
4201899,64238
4201937,63553
16355441,65147
4404575,64265
18257105,65154
4201945,64318
4201805,64345
4404583,64390
4404419,64425
4201856,64461
4201759,64504
16260082,65105
16410805,65139
4201740,64568
4404508,64602
4201910,64639
4201953,64719
4404311,64773
4201821,64826
4404460,63688
4404630,64871
4404591,64942
4202207,64906
12126500,65099
4404478,64997
4201848,65048
4404486,65011
4279944,65342
4344597,65841
4280310,65609
4279774,65681
4280302,65921
4816185,68627
4402590,66081
4280108,65379
4280060,66198
4449402,66223
4280191,66330
4280043,66401
4344457,66009
4344279,66152
4449348,101341
4280175,66438
4344490,66474
4344252,101564
4402663,66526
4402736,101840
4449429,66580
4280086,66697
4280140,66731
4280329,66768
4402612,66857
4280299,66955
4402744,67014
4449372,67121
4402639,67167
4280132,102286
4402540,67256
4280124,67292
4344538,65413
4207034,67327
4344627,67407
4344503,67470
4402671,67522
4207026,65707
4344465,67595
4402701,67648
4280272,67675
4402604,67737
4344287,65869
4280353,67773
5359111,67835
4402752,67906
4344244,67942
4344619,68002
4449437,68048
4449356,68128
4280116,68182
4344589,68253
4280337,65645
4280434,104387
4280345,68280
4344520,68324
4402698,68342
17310600,179935
4449410,65752
17352745,179908
4344449,68404
4280280,68431
4280256,68468
4449380,68529
4344260,68565
17352753,179891
17352737,179926
17302844,179917
4344643,65431
4344473,68716
4344236,68789
4532515,68887
4402566,105142
4344570,65477
4280426,105534
4344430,68921
4280450,68976
4344651,65501
4402620,69250
4344554,69063
4280264,69170
4344635,69303
4576708,69447
4344228,69330
4344546,69394
15651082,179711
4344600,69526
4206918,69615
14932420,179640
4417214,69900
5002240,70316
4554424,70352
4941390,70879
5002029,72007
4553372,70414
4554467,70502
5001953,70520
4553674,70566
5001970,70637
5001902,70673
4553577,70726
4554190,70744
5002100,70940
4553895,70897
4553640,70968
4554076,70986
4553747,71055
4554343,71126
5046688,71199
4554050,71260
4553321,69964
5001961,71340
5001910,71607
4554181,71457
4711421,71518
16346370,74859
16397927,74867
4553313,71536
4554319,71572
16414874,74842
5046629,71634
5046742,71698
4553712,71723
4553470,71787
4554114,71812
5001880,71858
4553534,71885
4553593,71910
16397900,74875
4553518,71956
5046696,72034
4553607,72052
4829975,72098
16423570,74883
4554297,72150
5002070,72221
4553569,72276
5046785,72383
16397919,74891
5046718,72409
16388171,74907
16404994,74915
5001945,72463
4554092,72579
4553429,72506
5077595,72533
4554009,72604
5046700,72640
4554203,72677
5046750,72819
16380445,74923
4553283,70094
4553410,72882
4553631,72926
4553704,72953
5001929,72980
5002037,73013
4553585,73031
5002053,73068
4711448,73317
5002126,73102
4554157,73246
4553305,73335
4553267,73371
4553780,73460
5002002,73503
4554254,73567
5002010,73594
4553992,73629
5002088,73665
4332266,73709
16397889,74931
4553399,70110
4711618,73736
4554041,73772
5077617,73852
5002134,73905
5002045,73923
16350797,74949
4553437,73996
5001996,74028
4554165,74073
5002061,74108
4554106,74135
5046734,74171
5001937,74224
4553291,70174
4553461,74242
16397862,74956
5002096,74322
5002118,74359
4553330,74411
4553623,74509
4554084,74536
5046726,74554
4554017,74581
4553526,74732
4553224,74750
4553232,74616
4554033,74705
3814810,75098
4269312,75203
3346883,75338
4393204,75472
4499303,75542
4412217,75613
3126748,75668
4298571,75686
3264589,75515
3346867,75356
3602000,75766
4461970,75711
3878775,75819
3347048,75864
4089095,75917
3437175,76004
4393166,75953
3655943,76040
3126772,76111
3127000,76139
3655919,76157
17841903,77595
3264597,75221
4591309,76175
4802813,76255
3126802,76282
3952219,76317
3126837,76353
3655897,76406
3814712,76497
3126489,76558
4040172,76585
3601986,76601
3701837,76638
3264562,76674
4322254,76718
4412225,76692
3814747,76745
4393123,75258
3126632,76763
16655791,77579
3878767,76807
3126420,76932
3126721,76969
3127018,76996
16371374,77587
4322262,77028
16576043,77561
3126870,77082
3127093,77126
3126381,77153
3553269,75114
3127026,77180
4150000,77224
4412209,77260
4436216,77288
24331834,77601
3655935,77377
3126624,77313
3553307,77331
4393131,77402
3655900,77475
4393212,75150
4412233,77509
3126578,77536
4852455,100521
5483380,101190
5246201,104136
5246171,100781
5182140,101001
5843129,101163
5026680,101378
5123659,101519
5519603,101617
5798613,101662
5026702,101984
5123624,102071
5755124,102106
16407117,179748
5246180,102348
5123675,102446
5123799,102794
5123586,102909
5123578,103087
5026630,103194
5123748,103238
5026621,103309
5182132,103372
5026656,103354
5874885,103407
5123667,103470
16462219,179757
5483372,103639
5026648,103693
16462227,179766
5182159,103899
5718320,103997
5123713,104047
16048420,179739
5123616,104225
5246198,104118
5874850,104485
5798583,104519
5123640,104680
5123594,104715
5026788,104788
5123608,104831
16407109,179775
5123632,104975
5123780,105106
5123764,100549
5123772,105295
5123683,105348
5123705,154709
5483364,105623
5026699,105776
5026664,105972
5026710,105874
5519611,105909
4956065,77812
5455844,78141
4666002,79308
4666126,78258
5057520,82895
4898681,78329
4898657,78454
4956189,82430
4813480,82617
4448202,78472
4666436,78542
4898851,78604
4898894,78668
4718896,78711
4898908,78748
4898797,77910
4956170,79004
4898789,78828
4666444,78873
4956200,78926
4666428,79077
4448415,79157
4813472,79237
4718888,79362
4898827,79406
4448407,79736
4898800,79497
5455879,79585
4448393,79656
4666452,79834
4956219,79932
4898630,80043
4510452,80123
4448377,80249
4510436,78016
4718950,80285
4510371,80365
4898819,80427
4510444,80506
4898860,80560
4898720,80613
4898738,80677
4956146,80711
4813456,80766
4448385,80846
4898754,80908
4898843,80980
4898932,81095
4898835,81184
4718969,81264
4718977,81380
4718985,81415
4898487,81497
4448229,81576
4898916,81754
4351748,81656
4898746,81816
4898878,81987
4448431,81861
4352069,82047
4898762,82136
4898886,82243
5057571,82314
4666401,82680
4448423,82396
4898940,82555
4898924,78089
4666410,82733
4351730,82779
4813464,82831
4245747,83320
4245070,83561
4245178,83632
4367558,83133
4245348,83428
4367612,83464
4245380,83491
4367647,83525
4245224,83749
4367884,83785
4367892,83847
4246092,83936
4367906,83151
4367914,83963
4246122,84102
16367667,86461
4246114,83981
4367922,84086
4612487,84148
4246084,84175
14597953,86446
4246157,84237
4367965,84380
4367930,84264
4367957,84344
4367973,83197
4246173,84415
4367981,84460
4367990,84558
4368006,84594
16363525,86479
4368014,84629
4246211,84656
4246220,84754
4368049,84825
14596052,86438
4246238,84923
4246246,85056
4246254,85074
4368065,85127
4368073,85243
4246262,83375
4368090,85289
16367675,86487
4368103,85341
16373057,86495
4367655,85412
4367663,85467
4246297,85680
4245879,85760
4245887,85788
4245909,85840
16363517,86519
4367868,85528
16373065,86501
4367671,85582
4246270,85626
4367710,85984
4367698,85877
4367701,85920
15865574,86453
4245933,86133
4245941,86188
4367744,86222
4367752,86311
4612495,86339
4367779,86366
4374393,86687
4375267,87175
4374962,87291
2127028,86810
4375046,87059
4634515,87638
4468943,86990
4468994,87219
5742434,87424
5742426,89561
5453878,87576
4375097,87077
4375135,87665
4634647,87139
4374270,88047
4374008,87745
4374024,88092
5453827,87843
8713590,87246
4521427,87996
4521311,88216
4521281,88261
4374130,88350
4521338,88449
4374075,88546
4521443,88644
4374202,88788
4521290,88868
4521400,88920
4521320,89026
4374261,89080
4468382,86749
4779605,89151
4374083,89240
4468331,87362
5453789,89348
4374113,89428
5453835,91731
4373991,86883
4374172,89687
4374040,89801
4374164,89856
4374180,89954
4633340,90066
4779591,90119
4468323,90208
4521362,90262
4468366,90342
4374148,90431
4374059,90538
4521370,90725
4374199,90663
4633285,90878
4521397,90805
5453797,90994
5453819,91116
5453800,91232
4633293,91054
4468358,91330
4727010,86936
4521303,91447
4373983,91535
4633307,91624
4468340,91688
4521419,91937
4521389,91795
4374105,91982
4468390,92097
4468374,92177
4365352,92658
4365077,92701
4364942,100683
4427889,92836
4231962,93067
4428060,102749
4364888,92765
4365123,100754
4428027,92783
4365085,100852
4231636,92872
4365239,100870
4231938,100923
4365140,92907
18893021,180064
4365271,101056
16376312,179784
4428094,92989
4427900,93021
16371404,179793
4231695,100709
4231830,93101
4231903,93156
4427943,93209
17467699,179971
4231954,93236
4365255,102240
4428019,102641
4364896,102703
4365379,93575
4365158,103283
4365115,93600
4427978,93628
4427951,93646
4231857,93717
4427927,93735
18077236,180046
4365107,103862
4365174,103960
16384617,179800
4365093,100736
17541604,179980
4428078,93995
4427897,94045
17551365,179999
4365344,94081
4364810,104270
4231873,94107
16371390,179819
4231849,94161
17453693,180000
4364764,101243
4231660,94269
16371412,179828
4365026,94330
17450697,180019
4365336,94376
4506885,94429
4365204,94456
4365069,105026
4364799,94492
4231865,94535
15552755,179702
4428035,94688
4428000,105794
4365441,94795
4541580,95060
4541360,95391
4541190,95355
4541017,98373
4541068,95471
4540941,95612
4540704,95667
4540038,95747
16410627,100273
4540976,95792
4540690,95088
4541211,95872
4540682,95943
4540968,96058
4540950,96110
4541246,96147
17107304,100362
4540666,96192
4540658,96254
4541238,96334
4540640,96370
16403360,100282
4540631,96423
4541220,96478
4540623,96593
4541289,96637
4540984,96664
4540615,96717
4541203,96815
4540607,96888
4540593,96904
16449937,100308
4540585,96940
4541254,97009
16407184,100317
4540046,97063
4540577,97090
4540569,97189
4540542,97241
4540534,97321
4540526,97394
4541297,97438
16570210,100326
4541300,97465
4540518,95159
4540500,97517
4541050,95499
4540496,97553
4541319,97606
4540488,97679
4540992,97722
4540470,97777
4541327,97811
4540453,97875
4540461,97919
4541335,98051
4540437,98113
4541343,98168
4540429,98202
4541351,98220
4540410,98257
4541009,98300
4540402,98337
4540399,98435
4540380,98505
4540372,98603
4540364,98649
16410406,100335
4540356,98685
4540348,95239
4541025,98738
16511583,100344
4541378,98774
4540313,98916
4540330,99290
4540321,98827
4541270,98998
4541033,99058
4540291,99370
4541386,99101
4541394,99165
4541041,99209
4540283,99441
4541408,99478
4540275,99673
4540267,99780
4540259,99879
4541416,99539
4540240,95293
4540232,99600
4540224,99922
4540674,96003
16384625,100353
4981271,99968
4541424,100086
4540305,100004
4540216,100148
4540208,100219
4434029,100576
4992998,179221
4420848,179285
4364500,179409
4364446,179481
4420759,179515
4505596,179533
4283481,179551
4505588,102543
4420708,100834
4532469,100969
4434010,101145
4420724,101298
4420740,101742
4364527,179249
4434037,101902
4532450,101957
6506628,102035
17512943,179588
4611538,102160
4364470,102213
4420856,102525
4420783,102473
4283503,179310
4221136,102570
4736078,102605
4364411,103130
4420767,179347
4420813,103443
5026273,103513
4420791,179383
4532477,104243
4420830,179463
4611546,104421
4611554,104546
4420716,104582
5643775,105160
4420775,105419
4505618,105570
4505570,105936
3627692,106318
3695174,106559
3694918,106684
3627544,106746
3627595,106782
3627560,108017
3627382,108892
3627765,108963
3694829,109176
3694861,106817
3627170,106461
3694772,109265
3627641,106979
3627870,107001
3627412,107047
3627269,107083
3627161,107118
3694497,107154
3694810,107314
3694799,107190
3627358,107234
3695000,107270
3694527,107350
3627579,107403
3626913,107430
3627196,107485
3694667,107519
3694837,107546
3695093,107715
3627897,107582
3627374,107662
16384641,179837
16384650,179846
3695115,107733
3627099,107868
3694969,107920
3627200,107975
3627803,108035
3694632,108106
16367608,179855
3694926,108151
3627722,106363
15729467,179622
3626956,108204
3627218,108222
3694900,108240
3627625,108268
3626921,108348
3694756,108366
3694535,108400
16405078,179864
3627684,108455
3694675,108473
7367404,179604
3627757,106407
3694586,108491
3695298,108552
3694845,108598
3695085,108614
3694705,108632
3627862,108669
3627552,108696
3627390,108794
3627536,108874
3627773,108918
3695107,108945
3695301,106620
3626905,108712
14813046,179613
3627277,109096
3694780,109005
3695271,109041
3694802,106648
3694543,109354
3627528,109425
3627889,109504
4426581,109773
4337603,110063
4675450,109924
6044227,110116
7536970,110232
5819414,110571
4426468,110296
6304246,110535
7536902,110456
4484426,110688
16408686,114060
11383661,110740
4337352,110820
8845957,110875
4675469,110946
8033356,111006
4426450,111097
4484469,111220
4818631,111275
8033364,111417
4426476,111444
4550970,111550
7643534,111480
4337336,112904
7536937,111587
4337301,112245
7536945,111685
4484493,111783
4484418,111818
6304238,111863
7536953,111916
7579784,111989
4871210,112030
4426425,112076
4484434,112129
4426441,112263
4337310,112334
4818640,112370
4484400,112469
4426417,112548
6341597,112600
4426395,112664
7643062,112744
7536910,110027
4639830,112771
6752762,112806
6140720,112879
4484477,112959
6098316,112995
6752770,113153
4639822,113206
4484485,113233
6449913,113395
4871201,113466
4550961,113493
4550988,109826
4484450,113625
4484442,113698
7536961,113518
4550996,113607
7643526,113732
5870832,113849
7643054,113894
6341589,113929
7536929,113974
16359583,114079
4322823,114319
3675258,114809
5669309,114514
4323535,114925
5584644,117827
5669317,114710
4322971,118281
4375895,119331
6405259,119242
4436895,114854
4323322,119894
4323578,114970
4436844,115076
5902730,114603
4662981,115147
5961779,115183
5669368,115236
4436933,115575
4565121,115307
4436836,115600
4322416,115637
4323470,115389
5181030,115520
4565253,115708
16402632,120511
5669350,115771
5669376,115824
4591465,115897
4565237,115851
4323586,115959
5669392,116046
15653830,120478
4619183,116126
4436941,116171
16410414,120487
4619124,116224
4323187,116288
4376017,116340
4323357,114355
4728172,116395
5669341,116439
5705649,116493
4765618,116545
4375852,116590
4323462,116652
4322459,116796
4765596,116723
4323276,116867
4436852,116938
4436860,116983
4436925,117042
4322734,117113
4322521,117177
4375933,117275
5409635,117319
4641555,117426
4375950,117505
4641539,117550
5584679,117667
4591449,117783
4619140,117925
4578008,117998
4578040,118058
16445706,120502
4577878,118094
4565245,118209
7031608,118370
5961760,118469
4375968,118511
4323489,118575
4375887,118691
5669384,118637
4323373,118753
4578024,118799
4436879,118824
4578032,118931
4375941,118995
4728156,119153
4322718,114382
4323152,114417
5669333,119386
4323497,119466
4619132,119527
4323349,114453
16355476,120496
5902713,119206
5961787,119750
4375836,119803
4728148,119590
4591430,119625
4375844,119661
5284639,119723
5669325,119858
4375925,119974
5902721,120254
4375879,120076
4619175,120138
4375976,120174
5902705,120218
4323551,120316
4565113,120343
4375917,120370
2612790,120726
2613583,120860
2614392,120968
2612901,124117
2614104,121055
2614112,121108
2613036,124938
2613648,121153
2614120,121242
2612944,121466
2614406,121297
2614414,121340
2613672,121386
2613133,121607
17877362,125178
2614139,121652
2612898,121732
2613656,121796
2613664,121876
2614147,121938
2613150,122061
2614155,122025
2613680,120888
2612936,122132
2614163,122187
2614422,122249
2613028,122285
15646469,125098
2613699,122347
16366149,125132
2613001,122392
2613702,122463
2613109,120771
2614171,122551
2613710,122613
16366130,125150
2612910,122828
2613729,122668
15945231,125114
2613141,122702
2614180,122864
2614198,122908
2614449,122953
2613737,120922
2613745,123013
2613753,123102
2612928,123175
2613761,123228
17474424,125169
2613770,123255
16404200,125141
2612960,123601
2614201,123371
2614210,123424
2613044,123479
2614228,123521
2612987,123674
2614074,123790
2613788,123709
2614236,123914
2613168,123969
2613117,124028
2612995,124073
15707914,125105
2613800,124206
2613796,124153
2613176,120824
2613826,124233
2613818,124331
2612979,124411
2613834,124634
2614430,124493
2614457,124563
2613010,124616
2614244,124803
2614252,124661
2613842,124723
2613125,124750
2614260,124849
2613850,124885
16287088,125123
2614279,125016
2612952,125061
4394811,125347
4395175,125472
4286437,125418
4716810,125542
5209912,125622
4491237,128105
4716780,128374
4491369,128711
4394579,125659
4286496,125677
16573403,130286
4491040,125757
4395019,125846
4491148,125873
4984529,126022
5148351,125962
4716763,125999
4491202,126077
16560225,130295
4491210,126166
4394994,126102
5102346,126148
4394501,126228
4716747,126326
5139701,126380
4716739,126406
5209890,126503
5139736,126433
5292496,126585
4491350,126647
4491296,126674
4395035,126718
5102338,126772
4394552,126825
4491261,125490
4395124,126905
4549991,126978
4491334,127019
5209858,127064
5148319,125588
16607654,130302
16393437,130311
5148343,127126
4394560,127144
5139779,127171
16556488,130320
5148360,127224
16560233,130339
5209882,127251
4394838,127288
5139795,127322
16579635,130348
5139868,127368
4716771,127386
5139825,127411
5148335,127493
5209874,127536
5102354,127563
4286429,127625
4867693,127689
5139760,127714
5139710,127750
4491253,127812
4394820,127858
5139744,127901
4394633,127938
16579643,130357
4716801,127983
4395043,128178
5102311,128052
5148394,128221
5139698,128301
4286526,128436
4395000,128472
4286550,128524
4550058,128560
5139809,128588
5475221,128882
16602622,130366
4491164,128613
5102290,128659
5209904,128864
5139850,129246
4491326,125374
17091437,130384
5148378,128962
4491318,129040
5148327,129282
4394730,129095
5209840,129111
4867685,129139
4491300,129184
5139876,129317
5139728,129380
5139833,129460
5209866,129503
4394986,129567
4655887,129585
5102370,129629
5139841,129718
5148386,129745
4655895,129987
4394544,129656
5102265,129763
4984510,129816
5139817,129898
16602614,130375
4394951,129914
4491342,130026
4395078,130062
4394803,130124
4491245,130231
2844855,130534
2843272,131256
2843850,130954
2845710,130981
2842943,131069
2845486,131103
2845729,131210
2845761,131336
15562570,131407
2843779,131443
2844103,131540
2843604,131577
2844189,131620
2842870,131817
2843248,131899
2845664,131933
2843388,131988
2845451,132011
2842927,132075
2845796,132137
2843345,132164
2845672,132226
2844294,132271
2844731,132315
2845311,130552
18315133,136278
2845338,130614
2843736,132342
2845346,130678
2843760,132379
2845290,130712
2845699,132404
2843531,130785
2845656,132459
2845176,132486
2845222,132510
2843205,132574
2843264,132645
2845648,132681
16346516,136241
2845753,132716
2843540,132752
2845680,132805
2843906,132841
2845257,133018
2843973,132896
2843329,133090
2845621,131461
2843418,133278
2843213,133161
2845516,133214
2843620,133330
2845435,133394
2844014,133429
2845354,133508
2845320,133562
2842900,133615
2843698,133688
2843965,131835
2845800,133722
2843256,133795
2845460,133866
2842986,133919
2845060,133964
2845613,134014
2844081,134050
2843221,134096
2843817,134194
16371471,136250
2844073,134336
2843981,130847
2844626,134390
2844090,134443
2845737,131274
2843647,134559
2843140,134648
2843108,134755
2843159,134853
2845362,134899
2844510,134942
2845559,135020
2843230,135128
2843914,135146
2843124,135244
2843302,135164
2845583,135226
2845443,135431
2845184,135501
2843434,135547
2843655,135315
2843590,135618
2845788,135404
2845605,135654
2845230,130892
2845494,135681
2845532,135725
2845834,135789
2843060,135850
2843035,135896
16346508,136269
2845770,136198
2845400,135949
2843116,136107
2844197,136134
4038806,136483
4481160,136526
3897173,136848
3896852,138039
3963951,136599
3897122,136642
3897386,136713
16363452,179873
3897076,136768
3897416,136802
3897289,137103
3897165,136919
3896534,136964
3897084,137032
3963986,137069
3896623,137130
3896615,137185
3896860,137229
3896879,137274
14981473,179677
3963625,136553
3896836,137292
3896810,137363
3963978,137407
16350916,179882
3897106,137443
3963536,137504
3897041,137540
3963838,137611
3963889,137675
3896828,137728
3896917,137746
3897157,137764
3963714,137844
3963781,137899
4074140,137960
3896984,138084
3897297,138164
3897092,138208
3897424,138280
3896844,138351
3897025,138431
3963650,138501
3897149,138538
3896704,138574
3963820,138618
17530869,180028
27005719,180091
3896720,138770
4626032,138663
3897130,138734
3963919,138805
3897459,138869
3897114,138921
3897181,139009
3896909,139143
3963803,139054
3963641,139107
3896887,139170
3896569,139214
3963676,139250
3896950,139287
3896895,139330
3896577,139358
3896640,139394
4291786,139704
4291859,139740
4494926,139811
4566658,139884
4291549,139937
4637619,139982
4495140,140084
4291689,140146
4495077,140208
4291670,140244
4292013,140280
4292005,140324
17720391,180037
4291611,140379
4495263,140440
4292021,140477
4291980,140501
4495069,140547
4291590,140583
4495115,140627
4291646,140672
4291565,140823
4291638,140770
4637600,140869
4291573,140958
4637651,141027
4637627,141081
4495182,141134
4291654,141232
4291964,141312
4291581,141376
4792272,141447
4495085,141535
4495204,141580
4291697,141722
4495158,141786
4495166,141884
4292030,142006
4291948,141946
4495107,142079
4291603,142122
4495042,142177
4291921,142239
4495018,142284
4291956,142337
4495190,142373
4291557,142426
4495174,142499
4495123,142612
4291883,142550
4291999,142854
4637635,142676
4291972,142881
14992936,179695
4291662,142710
4291620,142774
7977526,179631
4291930,142952
4495131,143021
4495220,143067
4637643,143147
4270740,143450
4240677,143619
4270716,143682
4241087,144054
4406002,143735
4406207,143771
4240740,143806
4406266,144928
4480149,143851
4306950,145499
4270732,145827
16343277,146012
4307122,143888
4678945,143922
4270708,143959
4406118,143995
4406126,144116
4307050,144152
4240944,144198
4406088,144232
4241168,144303
16343285,146021
4240880,144376
4406282,144349
4480270,144410
4241249,144508
4405929,144535
4306976,144456
4240723,143487
4406010,144553
4240960,144599
4241230,144615
4307114,144651
4480130,144713
4405937,144731
4240979,144795
4724804,144866
4480238,144893
5192942,144964
4405945,144991
4700090,145042
4406240,145104
5999013,145140
4240952,145202
4241206,145220
4307009,145275
4270724,143502
4480246,145293
4241150,145355
4406134,143520
4405902,145382
4480165,145408
4241222,145471
4241052,145667
4556247,145738
4406045,143557
4405988,145603
4241184,145765
4241109,145792
4406029,143646
4306933,145907
4603519,145934
4556212,145961
4406355,145998
4244792,146263
4842400,146502
5432522,146539
4244148,146628
7467268,146744
5927254,147358
4441166,147633
5461609,148006
4535651,148612
6631418,146584
4244229,149227
4326973,146931
4244180,146370
4440985,146655
4441000,146708
4327073,151095
4327480,146799
4326965,146860
4674790,146904
16391770,151530
4441298,146995
17527456,151576
4327006,147036
4326817,147054
4326787,147072
4244156,147134
4244270,147161
4326736,147205
4535635,147241
4326850,147465
16388180,151521
4441174,147526
6552870,147580
16031763,151503
4326906,147713
14953600,151451
16391789,151567
14889001,151433
4441573,147786
15971184,151497
4326876,147884
4244300,147937
5506727,148097
4326914,148202
6576100,148131
4441263,148293
4441190,148328
4326795,148382
4244210,148426
15733336,151488
4327537,148453
4326809,148514
4326990,148667
4244342,148694
4441409,148729
4326760,148765
4441352,148872
4441301,148916
4441280,148970
16031747,151512
16402004,151549
4244334,149101
15562708,151479
4326833,149049
4441158,149138
14850370,151442
4326930,147660
4244172,146281
4326744,149183
6526587,149316
4535597,149370
4327030,149290
4441018,146325
4441026,149414
4441433,149502
4326671,149539
4441271,149584
4441417,149655
6552861,149753
4326892,149682
4441182,149780
4244318,149833
5021250,149851
21769911,151585
4441425,149931
5645490,149968
4441379,150043
4327545,150070
4674781,150114
4326779,150178
4326884,150445
4327057,150196
4327421,146432
15588368,151460
4327499,150221
4326841,150258
4441360,150294
4244288,150310
4326728,150356
4441336,150418
4326922,150524
4327510,150588
4327065,150702
6631469,150766
4326957,150891
4326698,150935
4326680,150980
4327529,151022
4327090,151077
16366807,151558
4441239,151120
4326868,151157
4326981,151246
4244202,151344
4652660,151790
4652694,151870
4253731,151683
6853155,151905
4652732,151978
4920517,152038
6853244,151996
16380674,155083
16380682,155092
6853163,152083
5044440,152127
6691916,152172
6691967,152234
4568446,152252
5655842,152270
4920525,152314
4568454,152332
6491845,152350
4568586,152412
6853252,152467
4568497,152500
6691983,152528
4568560,151709
4568519,152564
6826835,152582
6853260,152617
4568594,152662
6691908,151932
6691991,152724
6853279,152760
16367837,155109
6692008,152797
6853287,152868
5296560,152902
16380690,155118
16380712,155127
4920533,152993
4652767,152948
6491837,153026
6691924,153062
4652805,151736
4732572,153106
6691975,153124
4568578,151763
4568608,153151
4652775,153240
6692016,153277
5449672,153339
4732564,153204
6691932,153295
6853228,153384
4568420,151816
4781141,153400
6938065,153437
15711982,154996
6853171,153473
6853236,153507
6853295,153543
4568527,153561
4568543,153589
4652813,153623
4652783,153605
6853180,153696
4469027,151834
16380704,155136
4568616,153829
6853309,153865
4568489,153909
7059420,153972
16388210,155145
4568624,153936
6950735,154308
6853317,154013
6691959,154068
4568632,154139
4568640,154184
6692024,154166
6853198,154228
6938073,154282
4652821,154344
4920541,154380
6692032,154415
4652791,154497
4732580,154460
6826843,154521
4568403,154585
6853210,154665
5296579,154834
4568659,154736
6853201,154754
6938081,154790
16380666,155154
6938090,154932
6826851,154852
4253774,154914
4568470,153776
6826860,154978
14756536,155243
4527381,155350
2502534,155403
4483889,156357
2503378,155458
2509958,156801
4357988,157086
2502763,155494
2512589,158314
4548554,155528
4357970,155546
4357996,155591
4548589,155662
4269223,155957
5390648,155724
4691685,155760
5517173,155797
4483927,155840
4847432,155911
16414777,159366
5313327,156035
4357945,156106
2512554,156151
23070129,159516
5286800,156213
4358231,156259
5286753,156277
16544785,159375
5815226,156311
4483854,156437
4357953,156473
4357937,156534
4357856,156589
4483820,156623
4483943,156669
16561131,159384
4483919,156712
4712532,156767
4663480,155261
4483846,156927
16587476,159393
5517181,157004
4483935,157031
16500541,159400
5517220,155289
4357880,157193
6049470,157246
4483684,157273
5390613,155314
5313386,157317
16573608,159419
16517225,159428
4483676,157362
5238993,157424
4483692,157451
4483897,157497
20568677,159491
4914116,157530
2510235,157736
2806193,157585
5481533,157683
4358193,157781
4548570,157834
2483246,157898
4357821,157923
4357872,157969
5049919,158010
24296605,159525
16414785,159446
16360642,159437
4358207,158065
4759543,158109
23062754,159507
4483838,158136
5481541,158181
4269290,158243
2512511,158396
5439113,158564
5481576,158449
2506200,158779
5390656,158653
16513770,159464
5138404,158699
4483862,158733
16594708,159455
6419890,158528
4483900,158608
4357961,158804
4527403,158859
4357864,158895
16590331,159473
4691677,158966
4483790,159035
4357848,159071
9640615,159142
17513000,159482
4483870,159213
4548520,159259
2516033,159339
4321429,159614
4508533,159650
3721907,159687
3839156,159730
4321410,159767
4794109,159785
4508622,159847
16363398,161552
4793910,159883
4994727,159945
4508800,159963
4508630,160092
4508746,160047
4794052,160127
4508738,160172
4508592,160225
4508860,160261
4794087,160305
4793901,160323
4508657,160387
4793960,160430
4794010,160458
4793987,160476
4793995,160528
4794036,161525
4508568,160564
4508690,160617
4793952,160644
4508576,160680
4794060,160724
4508711,160779
4794044,160831
4508770,160877
4793979,160911
4508681,160993
4508762,161035
4508720,161053
4794079,161106
4508835,161133
4793944,161151
4508614,161179
4793880,161231
4994700,161259
4793898,161286
4508649,161302
4508673,161348
4508584,161384
4793936,161464
15996227,161543
4508789,161482
17590461,161561
3337532,161945
4539912,161794
3602736,161829
3337710,164981
13407333,161856
4359431,162014
3394139,162069
3552077,162149
3394120,162327
3337621,162381
4359385,162452
4446708,162194
3552085,162498
3394260,162559
4359407,162595
4446686,162693
3764142,162791
3337729,162871
7160149,162924
16368344,167268
3337613,163002
3394090,163057
3394236,163137
16670635,167277
3667921,163208
4627313,163253
3394252,163324
3337664,163379
3394295,164277
16368328,167286
4226494,163486
3394333,163618
3394350,163681
4446619,163734
3394112,163789
4540003,163832
16476761,167295
16368336,167231
3552050,163903
4359652,164062
4975970,163967
3394074,164133
3394309,164197
3394325,164339
16146798,167222
4446627,164393
3394082,164543
3337672,164598
3394244,164687
3394368,164749
3394279,164829
3337605,164892
3337702,164936
16476770,167302
3337737,165069
3337656,165130
3394341,165185
4540020,165274
16396425,167311
3552069,165416
16309070,167259
4539971,165336
3394317,165470
4359393,165611
16404196,167320
16380780,167240
3394228,165719
5117550,165817
3337583,165899
3552093,165979
3552042,166057
3394287,166137
4446597,166235
4446589,166182
4627321,166315
3337630,166413
4446678,166529
4226478,166636
4627330,166672
4446694,166707
3394104,166770
3602779,166869
3337648,166985
3337680,167035
3337699,167071
3552107,167179
2540813,167473
2573829,167981
2541177,168372
2541827,167641
2541215,167696
2541720,168452
2541355,168602
2541894,167794
2541630,167909
2541479,168041
2540899,168130
2541363,168229
2573888,168309
2541843,168559
2541649,168675
2541657,168755
2574085,168791
2541010,168880
2541819,168960
2541681,169119
2541444,169039
2541452,169182
2541509,169253
2573870,169306
2540651,169351
2574190,169404
16379238,174502
2573861,169547
2541592,169681
2541738,169583
2541100,169896
2541118,169994
2539487,170097
2573853,170168
2541002,170220
2541320,170346
2573845,170444
2573837,170514
16404161,174511
2541487,170685
2541711,170612
2541495,170792
2541371,170872
2573900,170952
2541584,171101
2573896,171209
2989686,171021
2541541,171272
2541347,171067
2541835,171325
2540660,171469
16356722,174520
2540678,171539
2540627,171628
2573969,171806
2573950,171879
2541533,171931
2541851,171995
2540643,172082
2541703,172153
2573942,172279
2574093,172340
2541126,172377
2573934,172457
2541673,172509
2541460,172581
2539495,172698
2541029,172812
2541665,172894
2573926,172947
2541398,172992
2541134,173686
2541517,173061
2541290,173132
2573918,173748
2541860,173230
2541142,173374
2541525,173533
2573977,173793
2573985,173597
2541746,173855
15170186,174496
2541550,173935
2541401,174021
2541754,174085
2540635,174156
2573993,174218
2541690,174254
2541380,174290
4350645,174744
4350491,174860
4410623,174922
4297827,175019
4447320,175055
4447304,175126
4410704,175206
4350777,175224
16332375,178929
4297878,175260
4297754,175368
4297657,175439
4350653,175466
4297983,174780
4718128,175670
4298067,175732
4350769,175509
4350432,175590
4298121,175787
4298032,175885
4297665,175938
4297690,175983
4447193,176150
4350718,176212
4297967,174824
16373340,178938
4297800,176301
4350580,176338
4350688,176445
4298016,176506
4350696,176551
4297770,176613
4350726,176686
4297592,176748
4350700,176793
4350548,176855
4447460,176891
15534708,178885
4298075,176944
4447274,177003
16332383,178947
4297959,177101
15541160,178910
4560213,177236
15534716,178894
4298024,177263
15541179,178901
4350459,177352
4639032,177405
16380763,178956
4350602,177469
4297746,177557
4447436,177600
4410658,177655
4297843,177726
4447339,177762
17750074,178965
4499613,177799
4350610,177842
4297720,178046
4297789,177879
4297860,177986
4350661,178180
4297703,178117
4298113,178279
4297797,178313
4297975,178607
4298130,178689
4297649,178377
4297886,178475
4499621,178545
4447266,178750
4298059,178821
4267117,179132
4505359,179141
4204038,179150
4420465,179169
4316422,179178
4433953,179187
4340730,179196
4562583,AB
3519941,AR
4229512,AG
5057580,BC
4244997,BH
4347550,BN
3372955,BT
4384150,BV
4205491,BR
3662495,BZ
3227890,CS
4288110,CJ
2981739,CT
4201988,CV
4294030,CL
4417150,DJ
4280205,DB
3127476,GL
4938042,GR
4956057,GJ
4245763,HR
4374474,HD
4231776,IL
4540712,IS
4192545,IF
3627315,MM
4337344,MH
4322980,MS
2612839,NT
4394706,OT
2842889,PH
3897378,SM
4406223,SB
4244512,SV
4494764,SJ
4652686,TR
4358029,TM
4321607,TL
3394171,VS
4350394,VN
2540929,VL
